210.717,185.0,0,3,9
258.107,69.0,4,2,4
430.351,70.0,0,0,0
361.23900000000003,70.0,0,0,0
369.476,70.0,0,0,0
478.301,70.0,4,0,0
389.45,70.0,0,0,1
281.629,71.0,0,0,1
318.221,70.0,1,0,0
340.754,70.0,0,0,0
239.387,71.0,0,0,0
213.11599999999999,168.0,0,0,1
185.238,184.0,0,0,0
445.983,183.0,0,4,0
180.24599999999998,182.0,4,2,0
336.38699999999994,181.0,4,2,0
345.912,186.0,0,4,0
400.858,188.0,0,0,0
358.184,186.0,0,0,0
274.485,185.0,0,0,0
274.14,185.0,1,1,0
273.765,188.0,0,0,0
228.3,189.0,0,0,0
262.11,186.0,0,0,0
299.723,185.0,0,0,0
312.70599999999996,479.0,0,0,0
265.002,492.0,0,0,0
301.827,496.0,0,0,0
366.67900000000003,74.0,0,0,0
470.829,74.0,0,0,0
452.46,73.0,0,0,0
345.279,74.0,0,0,0
471.82599999999996,74.0,0,0,0
389.79900000000004,152.0,0,0,0
450.361,633.0,0,0,0
347.43,738.0,0,0,0
353.059,736.0,0,0,0
513.611,736.0,0,0,0
470.49699999999996,735.0,0,0,0
510.49699999999996,736.0,0,0,0
384.716,733.0,0,1,0
388.787,920.0,0,0,0
361.24300000000005,1416.0,0,0,0
291.777,1442.0,0,0,0
294.873,1448.0,0,0,0
380.475,1712.0,0,0,0
423.48,1707.0,0,0,0
461.598,1707.0,0,0,0
691.133,2083.0,0,0,0
785.841,2223.0,0,0,0
972.5989999999999,2354.0,0,0,0
1031.685,2355.0,0,0,0
1311.62,2839.0,0,0,0
1593.046,3062.0,0,0,0
1641.5770000000002,3192.0,0,0,0
1864.08,3520.0,0,0,0
1981.921,3516.0,0,0,0
2170.21,3641.0,0,0,1
2134.137,3758.0,1,0,0
2266.828,3880.0,0,0,0
2316.5170000000003,3876.0,0,0,1
2488.553,3762.0,0,0,1
2748.217,3760.0,0,0,0
2980.295,3744.0,4,2,0
3283.938,3502.0,2,2,0
3401.218,3295.0,2,0,0
3787.744,3051.0,0,0,1
4008.178,2811.0,0,0,1
4162.97,2442.0,4,2,0
4269.417,2556.0,0,0,6
4509.456,2577.0,0,0,2
4648.805,2340.0,0,0,0
4640.816,2277.0,0,0,0
4700.969,2212.0,0,0,0
4707.319,2301.0,0,0,0
4777.899,2033.0,0,0,0
4641.6320000000005,2033.0,0,0,0
4634.6140000000005,2094.0,0,0,0
4528.52,2084.0,0,0,0
4400.817,1781.0,0,0,0
4232.042,1777.0,2,1,0
4048.026,1853.0,0,1,0
3916.348,1821.0,0,0,0
3710.5009999999997,1822.0,0,0,0
3607.349,1700.0,0,0,0
3377.745,1437.0,0,0,0
3370.583,1701.0,0,0,1
3211.7859999999996,1820.0,0,2,0
3037.882,1794.0,0,0,0
2908.8179999999998,1832.0,0,0,0
2620.214,1438.0,0,0,0
2721.2209999999995,1431.0,0,0,0
2637.5429999999997,1363.0,0,1,1
2605.8089999999997,1176.0,0,0,0
2628.953,969.0,0,0,0
2588.827,1337.0,0,0,0
2818.534,1476.0,0,0,0
2673.993,1558.0,0,0,0
2590.998,1664.0,0,0,0
2497.725,1679.0,0,0,0
2400.501,1677.0,0,0,0
2344.92,1673.0,0,0,0
2185.286,1733.0,0,0,0
2089.121,1568.0,0,0,0
2035.035,1566.0,0,0,0
2159.413,1564.0,0,0,0
2198.1929999999998,1355.0,0,0,0
2294.26,1360.0,0,0,0
2268.4,1284.0,0,0,0
2450.574,1238.0,0,0,0
2402.499,1028.0,0,0,0
2389.222,1572.0,0,0,0
2294.875,1440.0,0,0,0
2280.735,1308.0,0,0,0
2154.13,942.0,0,0,0
2114.445,888.0,0,0,0
2021.217,1161.0,0,0,1
1799.727,1219.0,0,0,0
1926.3,1079.0,0,0,0
1844.358,1019.0,0,0,0
2045.33,1021.0,0,1,0
1832.3229999999999,1156.0,0,0,1
1817.73,959.0,1,0,0
1831.53,778.0,0,0,0
1788.152,743.0,0,0,0
1714.2620000000002,896.0,0,0,0
1574.906,987.0,2,2,0
1526.576,988.0,0,0,0
1679.24,1013.0,0,0,0
1523.9370000000001,1017.0,0,0,0
1427.1760000000002,954.0,0,0,0
1505.5520000000001,805.0,0,0,0
1330.886,802.0,0,0,0
1477.598,802.0,0,0,0
1368.204,802.0,0,0,0
1564.495,800.0,0,0,0
1445.9379999999999,799.0,0,0,0
1333.7479999999998,962.0,0,0,0
1269.472,976.0,0,0,0
1351.352,820.0,0,0,0
1295.1680000000001,768.0,0,0,0
1096.089,740.0,0,0,0
1118.049,741.0,0,0,0
1126.9360000000001,742.0,0,0,0
1406.933,740.0,0,0,0
1226.656,770.0,0,0,0
1182.89,765.0,0,0,0
1233.989,764.0,0,0,0
1258.405,763.0,0,0,0
1212.887,764.0,0,0,0
1144.486,735.0,0,0,0
1076.643,736.0,0,0,0
995.6089999999999,737.0,0,0,0
1074.107,735.0,0,0,0
1044.407,739.0,0,0,0
1075.754,741.0,0,0,0
1116.734,742.0,0,0,0
1003.7310000000001,741.0,0,0,0
1148.643,727.0,0,0,0
789.289,663.0,0,0,0
1041.765,659.0,0,0,0
912.627,659.0,0,0,0
855.182,658.0,0,0,0
839.551,660.0,0,0,0
790.808,658.0,0,0,0
1077.026,606.0,0,0,0
855.154,599.0,0,0,0
932.175,599.0,0,0,0
980.057,603.0,0,0,0
1114.065,506.0,0,0,0
981.8560000000001,513.0,0,0,0
966.039,514.0,0,0,0
861.4860000000001,517.0,0,0,0
884.19,513.0,0,0,0
838.638,506.0,0,0,0
735.176,507.0,0,0,0
794.087,508.0,0,0,0
808.778,508.0,0,0,0
836.784,502.0,0,0,0
695.448,480.0,0,0,0
563.738,481.0,0,0,0
733.3739999999999,481.0,0,0,0
670.566,482.0,0,0,0
655.408,482.0,0,0,0
562.9119999999999,483.0,0,0,0
595.72,484.0,0,0,0
607.784,483.0,0,0,0
471.194,483.0,0,0,0
503.67400000000004,483.0,0,0,0
474.20300000000003,486.0,0,0,0
539.74,485.0,0,0,0
544.04,486.0,0,0,0
601.006,486.0,0,0,0
650.488,484.0,0,0,0
562.6990000000001,487.0,0,0,0
636.953,488.0,0,0,0
698.5830000000001,487.0,0,0,0
641.789,488.0,0,0,0
508.89599999999996,486.0,0,0,0
417.231,487.0,0,0,0
585.3009999999999,488.0,0,0,0
492.843,487.0,0,0,0
461.027,467.0,0,0,0
401.538,425.0,0,0,0
542.261,426.0,0,0,0
737.5010000000001,428.0,0,0,0
705.1460000000001,427.0,0,0,0
675.6519999999999,427.0,0,0,0
728.5219999999999,426.0,0,0,0
696.4639999999999,426.0,0,0,0
571.859,426.0,0,0,0
366.24699999999996,436.0,0,0,0
349.55,489.0,0,0,0
355.18300000000005,489.0,0,0,0
420.272,489.0,0,0,0
388.704,491.0,0,0,0
579.6709999999999,495.0,0,0,0
553.627,291.0,0,0,0
602.8009999999999,288.0,0,0,0
634.24,291.0,0,0,0
519.231,292.0,0,0,0
658.11,288.0,0,0,0
485.49699999999996,287.0,0,0,0
621.8530000000001,288.0,0,0,1
546.035,287.0,0,0,0
448.121,286.0,0,0,0
370.77099999999996,287.0,0,0,0
393.347,357.0,0,0,0
424.994,370.0,0,0,0
330.805,370.0,0,0,0
256.67,371.0,0,0,0
267.08099999999996,369.0,0,0,0
306.315,368.0,0,0,0
210.84099999999998,389.0,0,0,0
216.252,483.0,0,0,0
342.281,486.0,0,0,0
411.38,485.0,0,0,0
426.231,483.0,0,0,0
333.719,486.0,0,0,0
339.225,484.0,0,0,0
401.225,489.0,0,0,0
254.808,291.0,0,0,0
290.7,289.0,0,0,0
349.472,288.0,0,0,0
423.019,287.0,0,0,0
454.705,287.0,0,0,0
420.68,286.0,0,0,0
415.847,286.0,0,0,0
489.483,286.0,0,0,0
420.626,285.0,0,0,0
274.274,354.0,0,0,0
171.199,372.0,0,0,0
301.29900000000004,373.0,0,0,0
481.335,373.0,0,0,0
381.976,374.0,0,0,0
272.786,372.0,0,0,0
378.399,369.0,0,0,0
547.321,369.0,0,0,0
362.385,390.0,0,0,0
323.147,480.0,0,0,0
275.498,481.0,0,0,0
477.034,487.0,0,0,0
543.837,484.0,0,0,0
503.037,486.0,0,0,0
521.765,485.0,0,0,0
497.106,291.0,0,0,0
614.288,292.0,0,0,0
537.8009999999999,287.0,0,0,0
450.599,286.0,0,0,0
614.411,286.0,0,0,0
681.574,286.0,0,0,0
630.74,286.0,0,0,0
549.9590000000001,286.0,0,0,0
646.85,286.0,0,0,0
714.7760000000001,286.0,0,0,0
422.88599999999997,285.0,0,0,0
281.553,283.0,0,0,0
431.83,371.0,0,0,0
531.668,423.0,0,0,0
526.908,423.0,0,0,0
458.458,377.0,0,0,0
618.161,375.0,0,0,0
520.347,374.0,0,0,0
310.597,375.0,0,0,0
218.092,375.0,0,0,0
239.456,374.0,0,0,0
301.594,374.0,0,0,0
213.56,375.0,0,0,0
501.211,377.0,0,0,0
667.2919999999999,211.0,0,0,0
618.806,209.0,0,0,0
630.119,206.0,0,0,0
459.842,208.0,0,0,0
531.101,206.0,0,0,0
532.7919999999999,206.0,0,0,0
379.963,206.0,0,0,0
336.505,206.0,0,0,0
234.64700000000002,206.0,0,0,0
380.19599999999997,279.0,0,0,0
371.319,284.0,0,0,0
284.595,284.0,0,0,0
237.859,285.0,0,0,0
283.70599999999996,284.0,0,0,0
313.55400000000003,286.0,0,0,0
177.687,285.0,0,0,0
359.07199999999995,257.0,0,0,0
173.32299999999998,159.0,0,0,0
231.486,159.0,0,0,0
331.505,240.0,0,0,0
228.362,395.0,0,0,0
368.332,507.0,0,0,0
133.07299999999998,510.0,0,0,0
273.748,513.0,0,0,0
405.135,188.0,0,0,0
373.533,183.0,0,0,0
410.87199999999996,183.0,0,0,0
467.851,183.0,0,0,0
426.064,183.0,0,0,0
461.63,183.0,0,0,0
367.241,184.0,0,0,0
404.787,188.0,0,0,0
473.455,184.0,0,0,0
346.909,211.0,0,0,0
411.32199999999995,211.0,0,0,0
344.51199999999994,212.0,0,0,0
342.781,213.0,0,0,0
50.272,213.0,0,0,0
208.63299999999998,213.0,0,0,0
190.84799999999998,212.0,0,0,0
277.95,212.0,0,0,0
293.659,185.0,0,0,0
175.28599999999997,185.0,0,0,0
293.075,185.0,0,0,0
139.898,186.0,0,0,0
186.958,186.0,0,0,0
216.798,186.0,0,0,0
176.675,186.0,0,0,0
270.519,201.0,0,0,0
323.063,265.0,0,0,0
230.68200000000002,264.0,0,0,0
306.746,264.0,0,0,0
210.047,264.0,0,0,0
286.145,264.0,0,0,0
247.03400000000002,264.0,0,0,0
295.862,265.0,0,0,0
395.3,264.0,0,0,0
326.813,218.0,0,0,0
337.56699999999995,202.0,0,0,0
212.89,206.0,0,0,0
338.98400000000004,206.0,0,0,0
266.922,206.0,0,0,0
249.66,206.0,0,0,0
312.57,206.0,0,0,0
317.041,208.0,0,0,0
405.856,207.0,0,0,0
353.342,207.0,0,0,0
337.195,207.0,0,0,0
331.539,207.0,0,0,0
295.267,210.0,10,0,0
399.621,210.0,0,0,0
284.29400000000004,210.0,0,0,2
262.719,203.0,0,0,0
287.819,284.0,0,0,0
289.035,284.0,0,0,0
306.685,284.0,0,0,1
259.027,522.0,0,0,0
430.222,537.0,0,0,0
399.36,544.0,0,0,0
431.795,550.0,2,1,0
486.506,547.0,1,1,0
486.98800000000006,547.0,0,0,0
486.98699999999997,212.0,0,0,0
537.914,212.0,0,0,0
588.841,211.0,0,0,0
690.711,205.0,0,0,0
730.7330000000001,206.0,0,0,0
826.545,207.0,0,0,0
826.545,207.0,0,0,0
826.545,404.0,0,0,0
775.6189999999999,426.0,0,0,0
724.676,424.0,0,1,0
622.8240000000001,424.0,0,0,0
470.024,421.0,0,0,0
470.024,421.0,0,0,0
368.19599999999997,423.0,0,0,0
419.316,378.0,0,0,0
368.39099999999996,378.0,0,0,0
419.311,378.0,0,0,0
521.356,379.0,0,0,0
521.354,378.0,0,0,0
572.253,378.0,0,0,0
623.175,377.0,0,0,0
674.0980000000001,375.0,0,0,0
674.123,375.0,0,0,0
680.538,374.0,0,0,0
673.0889999999999,375.0,0,0,0
579.6619999999999,373.0,0,0,0
630.394,374.0,0,0,0
579.464,373.0,0,0,0
579.46,373.0,0,0,0
521.919,374.0,0,0,0
529.363,375.0,0,0,0
632.8290000000001,376.0,0,0,0
508.909,375.0,0,0,0
579.059,375.0,0,0,0
598.212,375.0,0,0,0
614.773,375.0,0,0,0
614.789,377.0,0,0,0
553.819,377.0,0,0,0
575.882,199.0,0,0,0
505.72900000000004,198.0,0,0,0
486.55,198.0,0,0,0
520.9119999999999,198.0,0,0,0
520.893,199.0,0,0,0
520.891,198.0,0,0,0
520.915,198.0,0,0,0
520.915,198.0,0,0,0
485.18,198.0,0,0,0
402.033,188.0,0,0,0
388.34,187.0,0,0,0
474.108,187.0,0,0,0
410.06199999999995,188.0,0,0,0
399.945,185.0,0,0,0
327.097,181.0,0,0,0
397.719,181.0,0,0,0
346.483,181.0,0,0,0
241.988,393.0,0,0,0
292.35200000000003,411.0,0,0,0
343.898,420.0,0,0,0
400.32300000000004,423.0,0,0,0
363.006,626.0,0,0,0
319.684,644.0,0,0,0
370.17699999999996,649.0,0,0,0
313.119,211.0,0,0,0
250.97099999999998,209.0,0,0,0
283.724,208.0,0,0,0
415.73,202.0,0,0,0
505.796,202.0,0,0,0
606.072,204.0,0,0,0
654.231,244.0,0,0,0
754.74,477.0,0,0,0
701.48,478.0,0,0,0
547.135,480.0,0,0,0
509.63599999999997,287.0,0,0,0
388.12199999999996,287.0,0,0,0
360.207,287.0,0,0,0
278.436,287.0,0,0,0
294.06,286.0,0,0,0
397.506,287.0,0,0,0
433.24699999999996,287.0,0,0,0
556.665,286.0,0,0,0
537.381,286.0,0,0,0
519.731,290.0,0,0,0
556.957,216.0,0,0,0
506.994,190.0,0,0,0
405.52,189.0,0,0,0
304.568,183.0,0,0,0
354.705,184.0,0,0,0
405.36199999999997,185.0,0,0,0
406.955,184.0,0,0,0
355.76,184.0,0,0,0
407.31800000000004,185.0,0,0,0
405.53,184.0,0,0,0
353.32,185.0,0,0,0
302.482,185.0,0,0,0
249.27599999999998,184.0,0,0,0
278.926,184.0,0,0,0
197.227,209.0,0,0,0
132.737,211.0,0,0,0
229.924,211.0,0,0,0
245.80200000000002,209.0,0,0,0
268.726,205.0,2,0,0
205.94400000000002,205.0,0,0,0
305.133,205.0,2,0,0
282.92400000000004,233.0,0,0,0
203.021,371.0,0,0,0
251.248,370.0,0,0,0
313.85,371.0,0,0,0
316.276,372.0,0,0,0
319.546,379.0,0,0,0
377.434,378.0,0,0,0
379.56699999999995,206.0,0,0,0
334.64599999999996,208.0,0,0,0
321.976,208.0,0,0,0
419.295,208.0,0,0,0
466.941,208.0,0,0,0
462.207,208.0,0,0,0
510.976,208.0,0,0,0
507.711,208.0,0,0,0
454.608,208.0,0,0,0
480.42900000000003,262.0,0,0,0
399.358,431.0,0,0,0
401.53,432.0,0,0,0
365.43300000000005,193.0,0,0,0
409.341,193.0,0,0,0
348.25199999999995,187.0,0,0,0
263.922,186.0,0,0,0
215.63099999999997,186.0,6,0,0
244.22799999999998,186.0,2,0,0
248.80599999999998,186.0,0,0,0
427.55300000000005,186.0,1,0,0
486.976,186.0,0,0,0
432.715,186.0,0,0,0
523.2080000000001,186.0,0,0,0
524.759,186.0,0,0,0
384.23699999999997,196.0,0,0,0
172.312,164.0,0,0,0
181.53400000000002,164.0,0,0,0
304.387,161.0,0,0,0
249.697,158.0,0,0,0
175.623,158.0,0,0,0
307.23,158.0,0,0,0
365.30300000000005,158.0,0,0,0
376.606,158.0,0,0,0
304.97,201.0,0,0,0
287.106,205.0,0,0,0
241.606,204.0,0,0,0
394.415,205.0,0,0,0
242.111,204.0,0,0,0
277.63599999999997,244.0,0,0,0
287.615,423.0,0,3,0
331.851,423.0,12,10,0
362.24699999999996,214.0,0,10,0
186.16099999999997,211.0,0,0,0
305.642,211.0,1,1,0
288.495,211.0,0,0,0
278.97700000000003,211.0,0,0,0
378.361,211.0,0,0,1
457.82,211.0,1,1,4
582.7280000000001,187.0,0,2,4
601.564,187.0,2,4,3
615.998,187.0,4,4,6
782.2189999999999,187.0,2,6,20
802.398,187.0,2,4,8
837.687,187.0,2,2,0
789.3919999999999,187.0,0,0,1
872.436,187.0,2,2,0
900.454,187.0,0,1,0
826.375,185.0,0,0,0
754.4960000000001,235.0,0,0,0
688.193,380.0,0,0,1
777.285,396.0,0,6,1
734.672,396.0,0,2,0
803.305,397.0,0,2,1
801.6339999999999,402.0,0,0,0
853.875,403.0,0,2,1
947.433,403.0,0,0,0
986.938,349.0,0,0,0
1030.048,349.0,1,0,0
1070.855,349.0,0,0,0
1069.887,349.0,0,0,0
1123.728,349.0,3,0,0
1123.5739999999998,349.0,2,0,0
1122.683,374.0,6,2,0
1068.499,377.0,4,4,0
1060.8139999999999,379.0,0,4,0
1100.49,416.0,0,0,0
1080.1689999999999,600.0,0,0,0
1057.713,598.0,0,0,0
993.595,597.0,0,0,0
1047.985,605.0,1,0,0
1057.517,743.0,1,0,0
1132.016,747.0,2,0,0
1206.503,754.0,0,2,0
1392.35,757.0,0,0,0
1459.18,756.0,2,2,0
1515.129,755.0,0,2,0
1515.517,756.0,0,0,0
1515.89,756.0,2,0,0
1516.29,755.0,0,0,0
1460.862,755.0,0,0,0
1460.8829999999998,843.0,0,0,0
1460.889,1173.0,0,0,0
1461.598,1567.0,0,0,0
1464.7910000000002,1578.0,0,0,0
1468.34,1578.0,0,0,0
1413.7839999999999,1578.0,0,0,0
1413.2520000000002,1689.0,0,0,0
1505.019,1691.0,0,0,0
1596.0839999999998,1569.0,0,0,0
1740.2089999999998,1568.0,0,0,0
1828.4289999999999,1375.0,0,0,0
2030.29,1375.0,0,0,0
2178.141,1377.0,0,0,0
2233.6910000000003,1378.0,0,0,0
2295.489,1377.0,0,0,0
2318.218,1377.0,0,0,0
2341.448,1376.0,0,0,0
2308.25,1374.0,0,0,0
2277.105,1303.0,0,0,0
2189.393,1307.0,0,0,0
2150.411,1306.0,0,0,0
2039.711,1244.0,0,0,0
2041.5770000000002,874.0,0,0,0
1943.985,887.0,0,0,0
1891.457,888.0,0,0,0
1945.658,888.0,0,0,0
1894.0020000000002,886.0,0,0,0
1835.269,894.0,0,0,0
1754.602,891.0,0,0,0
1663.175,892.0,0,0,0
1580.164,1004.0,0,0,0
1391.435,1010.0,0,0,0
1309.145,813.0,0,0,0
1289.163,810.0,0,0,0
1233.619,754.0,0,0,0
1289.172,731.0,0,0,0
1289.149,733.0,0,0,0
1344.681,732.0,0,0,0
1303.052,737.0,0,0,0
1264.4489999999998,735.0,0,0,0
1220.73,735.0,0,0,0
1177.017,734.0,0,0,0
1133.329,735.0,0,0,0
1089.664,734.0,0,0,0
1087.577,736.0,0,0,0
1083.614,735.0,0,0,0
1032.964,737.0,0,0,0
1044.943,737.0,0,0,0
1002.138,743.0,0,0,0
1005.73,744.0,0,0,0
1008.79,738.0,0,0,0
956.312,734.0,0,0,0
1013.0889999999999,737.0,0,0,0
1006.447,741.0,0,0,0
1000.4580000000001,646.0,0,0,0
1005.05,646.0,0,0,0
1006.877,645.0,0,0,0
999.413,644.0,0,0,0
1036.982,646.0,0,0,0
964.24,646.0,0,0,0
945.6239999999999,646.0,0,0,0
886.67,646.0,0,0,0
834.315,649.0,0,0,0
904.783,574.0,0,0,0
815.319,575.0,0,0,0
813.4739999999999,576.0,0,0,0
889.847,576.0,0,0,0
895.2439999999999,576.0,0,0,0
899.303,438.0,0,4,0
1008.3389999999999,438.0,0,14,7
895.341,433.0,0,2,1
917.6260000000001,434.0,0,0,0
854.9069999999999,432.0,0,0,0
853.863,429.0,0,1,0
905.5,614.0,0,0,0
685.293,632.0,0,0,0
798.61,634.0,0,0,0
744.3710000000001,633.0,0,0,0
786.9910000000001,580.0,0,0,0
710.413,494.0,0,0,0
718.1030000000001,492.0,0,0,0
898.357,492.0,0,0,0
959.712,492.0,0,0,0
1011.9810000000001,493.0,0,0,0
974.216,493.0,0,0,0
1048.268,494.0,0,0,0
994.25,493.0,0,0,0
881.822,588.0,0,0,0
756.395,596.0,0,0,0
774.341,597.0,0,0,0
879.5060000000001,599.0,0,0,0
903.015,600.0,0,0,0
915.68,600.0,0,0,0
857.14,600.0,0,0,0
941.2310000000001,600.0,0,0,0
946.762,599.0,0,0,0
800.308,603.0,0,0,0
806.9630000000001,603.0,0,0,0
814.743,602.0,0,0,0
889.81,603.0,0,0,0
892.311,604.0,0,0,0
826.699,603.0,0,0,0
955.331,520.0,0,0,0
946.1419999999999,521.0,0,0,0
870.0010000000001,521.0,0,0,0
922.471,520.0,0,0,0
854.0169999999999,521.0,0,0,0
919.398,522.0,0,0,0
856.012,520.0,0,0,0
792.222,520.0,0,0,0
859.1489999999999,521.0,0,0,0
729.635,445.0,0,0,0
761.054,361.0,0,0,0
694.9680000000001,352.0,0,0,0
775.052,351.0,0,0,0
788.985,353.0,0,0,0
792.921,353.0,0,0,0
793.9739999999999,350.0,0,0,0
762.035,351.0,0,0,0
697.846,427.0,0,0,0
485.035,427.0,0,0,0
471.30800000000005,427.0,0,0,0
467.814,584.0,0,0,0
468.88300000000004,599.0,0,0,0
472.061,601.0,0,0,0
596.625,601.0,0,0,0
705.3860000000001,382.0,0,0,0
683.189,382.0,0,0,0
660.685,382.0,0,0,0
701.862,382.0,0,0,0
806.48,380.0,0,0,0
788.9689999999999,380.0,0,0,0
733.413,379.0,0,0,0
688.919,378.0,0,0,0
647.9259999999999,378.0,0,0,0
543.673,379.0,0,0,0
485.91,188.0,0,0,0
445.969,186.0,0,0,0
546.839,187.0,0,0,0
702.6310000000001,187.0,0,0,0
726.323,187.0,0,0,0
683.908,185.0,0,0,0
591.631,182.0,0,0,0
471.205,404.0,0,0,0
260.66200000000003,421.0,0,0,0
113.696,424.0,0,0,0
94.053,437.0,0,0,0
204.155,436.0,0,0,0
255.456,436.0,0,0,0
319.517,436.0,0,0,0
513.622,191.0,0,0,0
578.896,185.0,0,0,0
643.585,185.0,0,0,0
643.0980000000001,185.0,0,0,0
640.111,185.0,0,0,0
700.5219999999999,185.0,0,0,0
569.757,185.0,0,0,0
437.87800000000004,185.0,0,0,0
245.726,185.0,0,0,0
253.412,185.0,0,0,0
170.66400000000002,280.0,0,0,0
123.04899999999999,286.0,0,0,0
273.117,289.0,0,0,0
304.42400000000004,287.0,0,0,0
461.537,288.0,0,0,0
353.353,283.0,0,0,0
391.02,284.0,0,0,0
398.54400000000004,283.0,0,0,0
334.121,300.0,0,0,0
387.24800000000005,399.0,0,0,0
317.02299999999997,401.0,0,0,0
376.18199999999996,399.0,0,0,0
374.58099999999996,399.0,0,0,0
424.88300000000004,403.0,0,0,0
349.89099999999996,191.0,0,0,0
460.023,190.0,0,0,0
436.30300000000005,190.0,0,0,0
479.161,189.0,0,0,0
527.305,185.0,0,0,0
450.69599999999997,184.0,0,0,0
504.79400000000004,185.0,0,0,0
374.884,185.0,0,0,0
376.29900000000004,185.0,0,0,0
244.106,188.0,0,0,0
177.042,188.0,0,0,0
212.497,184.0,0,0,0
229.16,185.0,0,0,0
230.577,185.0,0,0,0
294.065,185.0,0,0,0
422.98900000000003,185.0,0,0,0
425.54699999999997,185.0,0,0,0
392.295,282.0,0,0,0
374.778,283.0,0,0,0
308.316,286.0,0,0,0
191.24200000000002,288.0,0,0,0
212.24099999999999,288.0,0,0,0
223.391,287.0,0,0,0
222.45,287.0,0,0,0
224.207,206.0,0,0,0
397.963,207.0,0,0,0
517.8,207.0,0,0,0
416.98800000000006,207.0,0,0,0
393.62199999999996,207.0,0,0,0
383.42,207.0,0,0,0
365.586,207.0,0,0,0
495.195,207.0,0,0,0
405.42199999999997,207.0,0,0,0
465.48199999999997,207.0,0,0,0
435.333,207.0,0,0,0
356.29900000000004,206.0,0,0,0
231.36599999999999,207.0,0,0,0
13.925,207.0,0,0,0
100.939,208.0,0,0,0
183.894,207.0,0,0,0
287.39599999999996,207.0,0,0,0
373.685,207.0,0,0,0
514.988,207.0,0,0,0
492.095,204.0,0,0,0
341.913,206.0,0,0,0
270.70799999999997,206.0,0,0,0
162.714,206.0,0,0,0
287.264,206.0,0,0,0
279.623,207.0,0,0,0
261.096,207.0,0,0,0
313.94599999999997,206.0,0,0,0
287.301,207.0,0,0,0
354.195,206.0,0,0,0
238.047,207.0,0,0,0
189.67700000000002,207.0,0,0,0
282.357,206.0,0,0,0
399.316,206.0,0,0,0
319.337,206.0,0,0,0
319.246,207.0,0,0,0
247.558,206.0,0,0,0
206.204,207.0,0,0,0
195.33599999999998,207.0,0,0,0
155.761,206.0,0,0,0
252.908,207.0,0,0,0
278.515,207.0,0,0,0
325.587,206.0,0,0,0
397.42400000000004,207.0,0,0,0
326.889,276.0,0,0,0
281.247,282.0,0,0,0
242.192,283.0,0,0,0
210.896,285.0,0,0,0
326.248,286.0,0,0,0
353.915,187.0,0,0,0
363.392,186.0,0,0,0
361.99199999999996,186.0,0,0,0
277.41200000000003,185.0,0,0,0
369.389,183.0,0,0,0
315.726,183.0,0,0,0
227.938,183.0,0,0,0
271.635,183.0,0,0,0
316.476,183.0,0,0,0
437.88,183.0,0,0,0
335.441,183.0,0,0,0
192.68599999999998,182.0,0,0,0
187.908,182.0,0,0,0
199.426,182.0,0,0,0
145.381,182.0,0,0,0
151.86700000000002,182.0,0,0,0
183.908,182.0,0,11,0
330.00199999999995,182.0,0,0,0
330.009,182.0,0,0,0
303.53,182.0,0,0,0
278.46299999999997,183.0,0,0,0
262.028,182.0,0,0,0
259.558,182.0,0,0,0
231.639,186.0,0,0,0
273.44,186.0,0,0,0
223.576,186.0,0,0,0
237.827,187.0,0,0,0
182.92,187.0,0,0,0
126.36200000000001,187.0,0,0,0
86.119,187.0,0,0,0
113.928,187.0,0,0,0
178.967,187.0,0,0,0
243.834,187.0,0,0,0
243.857,185.0,0,0,0
265.19599999999997,183.0,0,0,0
244.96599999999998,183.0,0,0,0
212.25,182.0,0,0,0
328.606,182.0,0,0,0
381.85,182.0,0,0,0
302.075,348.0,0,0,0
402.134,363.0,0,0,0
282.256,364.0,0,0,0
232.917,365.0,0,0,0
101.311,363.0,0,0,0
22.0,369.0,0,0,0
243.092,187.0,0,0,0
260.22,183.0,0,0,0
592.553,183.0,0,0,0
629.376,186.0,0,0,0
644.368,187.0,0,0,0
650.361,187.0,0,0,0
399.595,187.0,0,0,0
196.053,187.0,0,0,0
30.81,187.0,0,0,0
48.994,187.0,0,0,0
113.825,187.0,0,1,0
178.465,187.0,0,0,0
253.077,187.0,0,0,0
353.024,187.0,0,0,0
419.647,183.0,0,0,0
414.339,184.0,0,0,0
341.89300000000003,191.0,0,0,0
347.05199999999996,187.0,0,0,0
329.13300000000004,186.0,0,0,0
286.48400000000004,183.0,0,0,0
211.174,183.0,0,0,7
143.893,183.0,0,0,1
208.31799999999998,183.0,0,0,0
198.426,183.0,0,0,0
214.389,183.0,0,0,0
232.503,183.0,0,0,0
268.756,183.0,0,0,0
277.14799999999997,183.0,0,0,0
220.94400000000002,184.0,0,0,0
161.467,186.0,0,0,0
154.196,187.0,0,0,0
144.179,187.0,0,0,0
181.979,187.0,0,0,0
181.96400000000003,187.0,0,0,0
181.99599999999998,187.0,0,0,0
246.774,187.0,0,0,0
311.615,219.0,0,0,0
370.57199999999995,370.0,0,0,0
216.55200000000002,374.0,0,0,0
335.05400000000003,373.0,0,0,0
250.386,372.0,0,0,0
353.876,374.0,12,0,0
327.86,378.0,0,0,0
372.333,377.0,0,0,0
552.601,187.0,0,0,0
510.38,187.0,0,0,0
620.0269999999999,187.0,1,0,0
386.506,187.0,0,0,0
462.86699999999996,186.0,0,0,0
447.691,186.0,0,0,0
486.345,186.0,0,0,0
410.07199999999995,158.0,0,0,0
320.237,80.0,0,0,0
385.458,79.0,0,0,0
270.323,80.0,0,0,0
182.08599999999998,80.0,0,0,0
52.379,80.0,0,0,0
117.22399999999999,81.0,0,0,0
182.05,80.0,0,0,0
311.749,74.0,0,0,0
311.754,73.0,0,0,0
311.733,74.0,0,0,0
291.73,74.0,0,0,0
357.611,73.0,0,0,0
228.002,73.0,0,0,0
163.144,73.0,0,0,0
98.287,73.0,0,3,0
98.255,75.0,0,0,0
183.23,168.0,0,0,0
52.303000000000004,183.0,0,0,0
116.90700000000001,183.0,0,0,0
52.062,183.0,0,0,0
181.731,200.0,0,0,0
181.771,292.0,0,0,0
181.65200000000002,291.0,0,0,0
181.821,264.0,0,0,0
246.833,264.0,0,0,0
246.827,264.0,0,0,0
246.804,184.0,0,0,0
311.586,183.0,0,0,0
311.749,183.0,0,0,0
311.759,183.0,0,0,0
311.781,183.0,0,0,0
376.82300000000004,183.0,0,0,0
377.029,183.0,0,0,0
377.06199999999995,183.0,0,0,0
312.078,183.0,0,0,0
247.456,183.0,0,0,0
182.607,183.0,0,0,0
182.59,183.0,0,0,5
182.576,183.0,0,0,0
182.74900000000002,184.0,4,0,0
247.717,261.0,0,0,0
312.369,267.0,0,0,0
312.402,267.0,0,0,0
312.432,267.0,0,0,0
312.25,267.0,0,0,0
247.43200000000002,266.0,0,0,0
247.265,267.0,0,0,0
247.429,185.0,0,0,3
312.195,185.0,0,0,2
311.975,185.0,0,0,0
376.775,185.0,0,0,0
376.577,185.0,0,0,0
376.587,185.0,0,0,0
441.212,184.0,0,0,0
376.415,184.0,0,1,0
311.597,184.0,0,0,0
181.958,184.0,0,0,0
181.958,184.01597969999997,0,0,0
181.958,184.05124819999997,0,0,0
181.958,184.1056048,0,0,0
181.958,184.17904950000002,0,0,0
181.958,184.22975490000002,0,0,0
181.958,184.2158934,0,0,0
181.958,184.1374651,0,0,0
376.20599999999996,184.0,0,0,0
376.506,184.0,0,0,0
246.886,185.0,0,0,0
257.988,184.0,0,0,0
323.156,184.0,0,0,0
258.123,184.0,0,0,0
258.069,184.0,0,0,0
193.033,184.0,0,0,0
257.856,185.0,0,0,0
246.782,185.0,0,0,0
246.60299999999998,185.0,0,0,0
246.63,184.0,0,0,0
246.68599999999998,184.0,0,0,0
311.73,184.0,0,0,0
376.55,184.0,0,0,0
376.54,184.0,0,0,0
316.31,189.0,0,0,0
340.4,170.0,0,0,0
295.53,78.0,0,0,0
253.92,78.0,0,0,0
142.8,77.0,0,0,0
227.72,78.0,0,0,0
243.82,78.0,0,0,0
241.29,78.0,0,0,0
241.69,191.0,0,0,0
238.77,207.0,0,0,0
176.9,208.0,0,0,0
112.98,208.0,0,0,0
113.78,208.0,0,0,0
114.069,208.0,0,0,0
178.77900000000002,208.0,0,0,0
178.804,69.0,0,0,0
244.87,75.0,0,0,0
309.443,75.0,0,0,0
373.923,75.0,0,0,0
356.858,75.0,0,0,0
336.555,74.0,0,0,0
251.197,74.0,0,0,0
163.64700000000002,74.0,0,0,0
143.07299999999998,74.0,0,0,0
26.616999999999997,195.0,0,0,0
63.202,197.0,0,0,0
83.079,197.0,0,0,0
184.37900000000002,197.0,0,0,0
287.969,197.0,0,0,0
195.81400000000002,197.0,0,0,0
326.177,198.0,0,0,0
257.001,199.0,0,1,0
207.813,199.0,0,0,0
213.842,198.0,0,0,0
212.726,199.0,0,0,0
280.068,199.0,0,0,0
215.63400000000001,200.0,0,0,0
220.236,199.0,0,0,0
282.601,199.0,0,0,0
275.735,199.0,0,0,0
340.531,200.0,0,0,0
379.452,74.0,0,0,0
344.16,75.0,1,0,0
367.147,75.0,6,10,0
269.295,75.0,6,32,0
233.653,74.0,8,10,0
196.018,108.0,20,6,0
246.533,285.0,4,6,2
261.983,322.0,0,0,1
178.949,508.0,0,0,0
288.719,511.0,0,0,0
501.655,512.0,0,0,0
631.315,550.0,0,0,1
825.4060000000001,739.0,0,0,0
1062.433,744.0,0,0,0
1398.07,742.0,0,0,0
1418.293,813.0,0,0,0
1349.2979999999998,1222.0,0,0,0
1364.6729999999998,1215.0,0,0,0
1248.726,1228.0,0,0,0
1200.565,1100.0,0,0,0
1200.378,1101.0,0,0,0
1257.993,967.0,0,0,0
1366.7160000000001,839.0,0,0,0
1425.299,807.0,0,0,0
1552.503,806.0,0,0,0
1551.505,823.0,0,0,0
1500.751,877.0,0,0,0
1450.4489999999998,883.0,0,0,0
1401.559,860.0,0,0,0
1303.8980000000001,953.0,0,0,0
933.4780000000001,980.0,0,0,0
897.405,972.0,1,4,0
927.804,822.0,32,6,0
1149.012,781.0,0,0,0
1173.481,776.0,0,0,0
1168.704,776.0,0,0,3
1368.589,774.0,0,0,0
1430.6589999999999,775.0,0,0,0
1429.0339999999999,775.0,0,0,0
1233.18,777.0,0,0,0
1156.15,778.0,0,0,0
1202.754,776.0,1,0,0
1190.807,777.0,0,0,0
1265.6480000000001,941.0,0,0,0
1049.548,1291.0,0,0,0
1202.269,1295.0,0,0,0
1101.235,1306.0,0,0,0
1113.256,1305.0,0,0,0
1206.859,1299.0,0,0,0
1168.4389999999999,1046.0,0,0,0
1450.481,1043.0,0,0,0
1432.4360000000001,1045.0,0,0,0
1559.646,1045.0,0,0,0
1624.5870000000002,764.0,0,0,0
1482.9489999999998,733.0,0,0,0
1360.8339999999998,731.0,0,0,0
1325.027,733.0,0,0,0
1239.816,733.0,0,0,0
1331.2620000000002,731.0,0,0,0
1038.7089999999998,731.0,0,0,0
1263.556,732.0,0,0,1
1163.651,734.0,0,0,2
1083.361,736.0,0,0,0
965.753,735.0,2,0,0
970.573,737.0,0,2,0
1080.111,741.0,0,1,0
889.115,743.0,0,0,0
1017.673,744.0,0,0,0
908.8710000000001,745.0,0,0,0
997.673,745.0,0,0,0
891.06,763.0,0,0,0
1042.011,764.0,0,0,0
1215.44,761.0,0,0,0
1172.732,762.0,0,0,0
1332.015,761.0,0,0,0
1275.2830000000001,678.0,0,0,0
1240.9589999999998,566.0,0,0,0
1183.511,567.0,0,0,0
1063.694,565.0,0,0,0
1049.345,609.0,0,0,0
985.9789999999999,613.0,0,0,0
1013.674,623.0,0,0,0
1035.139,621.0,0,0,0
989.3530000000001,620.0,0,0,0
887.01,627.0,0,0,0
926.6469999999999,628.0,0,0,0
923.4989999999999,628.0,0,0,0
872.837,522.0,0,0,0
882.663,568.0,0,0,0
828.5039999999999,746.0,0,0,0
908.049,728.0,0,0,0
848.335,667.0,0,0,0
783.9789999999999,665.0,0,0,0
822.8610000000001,666.0,0,0,0
938.815,666.0,0,0,0
1072.843,667.0,0,0,0
1011.637,666.0,0,0,0
1015.067,669.0,0,0,0
1066.768,668.0,0,0,0
1080.1019999999999,665.0,0,0,0
906.222,663.0,0,0,0
824.166,665.0,0,0,0
945.3380000000001,661.0,2,0,0
952.409,692.0,0,0,0
910.528,708.0,0,0,0
709.79,761.0,0,0,0
914.5189999999999,764.0,0,0,0
1011.068,766.0,0,0,0
972.9639999999999,766.0,0,0,0
1112.357,763.0,2,0,0
1058.146,751.0,0,0,0
1182.296,754.0,0,0,3
1117.11,753.0,0,0,22
1013.821,754.0,0,0,9
1180.4080000000001,742.0,0,1,0
1070.325,745.0,0,4,0
1195.734,744.0,0,0,0
1366.215,745.0,0,0,1
1267.094,745.0,0,0,0
1415.795,744.0,0,0,1
1229.032,745.0,0,0,0
1326.888,744.0,0,0,0
1310.022,746.0,0,0,0
1449.2879999999998,744.0,0,0,0
1505.8110000000001,744.0,0,0,1
1468.5479999999998,745.0,0,1,0
1408.168,748.0,0,0,0
1495.024,748.0,0,0,0
1499.136,710.0,0,0,0
1342.39,693.0,0,0,0
1370.531,643.0,0,0,0
1346.135,613.0,0,0,0
1403.753,612.0,0,0,0
1381.864,606.0,0,0,0
1438.125,608.0,0,0,7
1435.714,732.0,0,0,10
1346.588,739.0,0,0,0
1275.079,740.0,0,0,0
1442.441,741.0,0,0,0
1452.001,740.0,0,0,2
1440.6970000000001,740.0,0,0,0
1379.1870000000001,739.0,0,0,0
1399.067,742.0,0,0,0
1419.787,742.0,0,0,0
1338.136,741.0,0,0,0
1063.395,739.0,0,0,0
1180.433,742.0,0,0,0
1436.1760000000002,712.0,0,0,0
1552.385,584.0,4,0,0
1553.257,583.0,1,0,0
1667.296,571.0,0,0,0
1818.955,736.0,0,0,0
1753.86,742.0,0,0,1
1241.815,744.0,0,0,0
1464.1729999999998,745.0,6,1,2
1492.0620000000001,745.0,2,2,2
1342.095,742.0,2,0,2
1306.396,743.0,0,0,1
1158.947,738.0,2,0,0
1350.1170000000002,740.0,0,0,0
1278.796,740.0,0,0,0
1236.978,739.0,0,0,1
1453.3020000000001,741.0,0,0,0
1562.2120000000002,749.0,0,0,0
1488.4289999999999,746.0,0,0,0
1683.325,750.0,0,0,0
1378.753,615.0,0,0,0
1674.289,613.0,0,0,0
1398.0510000000002,611.0,0,0,0
1189.695,609.0,0,0,0
1327.2620000000002,608.0,0,0,0
1349.335,608.0,0,0,0
1249.672,608.0,0,0,0
977.449,609.0,0,0,0
1014.2,609.0,0,0,0
1297.1589999999999,608.0,0,0,0
1226.002,632.0,0,0,0
920.0039999999999,655.0,0,0,0
1120.119,656.0,0,0,0
1199.91,655.0,0,0,0
1088.749,655.0,0,0,0
832.908,659.0,0,0,0
994.835,661.0,0,0,0
1125.472,602.0,0,0,0
1212.991,601.0,0,0,0
976.915,602.0,0,0,0
1096.114,611.0,0,0,0
1261.998,653.0,0,0,0
1051.123,653.0,0,0,0
1170.344,651.0,0,0,0
824.324,603.0,0,0,0
908.315,600.0,0,0,0
847.42,601.0,0,0,0
806.421,601.0,0,0,0
859.6510000000001,602.0,0,0,0
921.8580000000001,602.0,0,0,0
984.923,603.0,0,0,0
1016.294,601.0,0,0,0
912.591,597.0,0,0,0
879.62,598.0,0,0,0
868.3480000000001,597.0,0,0,0
701.471,598.0,0,0,0
835.681,599.0,0,0,0
841.685,599.0,0,0,0
841.6669999999999,600.0,0,0,0
841.242,603.0,0,0,0
840.867,615.0,0,0,0
849.102,551.0,0,0,0
844.9730000000001,434.0,0,0,0
790.3710000000001,434.0,0,0,0
959.8,434.0,0,0,0
955.133,434.0,0,0,0
893.7919999999999,434.0,0,0,0
930.502,433.0,0,0,0
634.191,380.0,0,0,0
762.6139999999999,379.0,0,0,0
577.2080000000001,380.0,0,0,0
615.487,380.0,0,0,0
638.45,380.0,0,0,0
589.669,380.0,0,0,0
744.961,377.0,0,0,0
724.665,377.0,0,0,0
719.752,378.0,0,0,0
612.974,424.0,0,0,0
436.523,427.0,0,0,0
457.214,426.0,0,0,0
611.7919999999999,422.0,0,0,0
451.776,514.0,0,0,0
484.24800000000005,645.0,0,0,0
489.847,649.0,0,0,0
719.0369999999999,648.0,0,0,0
651.601,568.0,0,0,0
649.279,568.0,0,0,0
620.131,517.0,0,0,0
743.2189999999999,429.0,0,0,0
805.439,428.0,0,0,0
851.21,427.0,0,0,0
817.677,427.0,0,0,0
645.879,402.0,0,0,0
845.186,376.0,0,0,0
697.453,377.0,0,0,0
670.705,376.0,0,0,0
618.0319999999999,377.0,0,0,0
582.345,377.0,0,0,0
717.393,376.0,0,0,0
598.804,376.0,0,0,0
519.591,376.0,0,0,0
597.376,376.0,0,0,0
435.171,376.0,0,0,0
555.798,374.0,0,0,0
553.4019999999999,374.0,0,0,0
466.69300000000004,381.0,0,0,0
588.851,381.0,0,0,0
507.51599999999996,380.0,0,0,0
653.891,380.0,0,0,0
513.126,380.0,0,0,0
454.63300000000004,276.0,0,0,0
592.202,276.0,0,0,0
531.573,274.0,0,0,0
474.694,274.0,0,0,0
458.25199999999995,274.0,0,0,0
498.52,251.0,0,0,0
439.296,211.0,0,0,0
441.103,211.0,0,0,0
383.476,211.0,0,0,0
324.063,210.0,0,0,0
384.096,211.0,0,0,0
394.32800000000003,211.0,0,0,0
391.555,211.0,0,0,0
317.811,208.0,0,0,0
463.04900000000004,206.0,0,0,0
275.683,205.0,0,0,0
186.59599999999998,332.0,0,0,0
76.558,342.0,0,0,0
329.67900000000003,342.0,0,0,0
213.128,341.0,0,0,0
270.11,349.0,0,0,0
455.844,348.0,0,0,0
481.958,351.0,0,0,0
526.289,418.0,0,0,0
476.037,431.0,0,0,0
542.03,436.0,0,0,0
368.494,378.0,0,0,0
514.247,189.0,0,0,0
416.92,189.0,0,0,0
578.4680000000001,190.0,0,0,0
407.022,210.0,0,0,0
594.758,211.0,0,0,0
637.869,211.0,0,0,0
507.466,211.0,0,0,0
383.431,211.0,0,0,0
285.522,211.0,0,0,0
189.347,211.0,0,0,0
85.15,211.0,0,0,0
160.01,211.0,0,0,0
279.606,210.0,0,0,0
515.092,211.0,0,0,0
314.647,211.0,0,0,0
451.426,210.0,0,0,0
287.834,211.0,0,0,1
275.64599999999996,210.0,0,0,1
141.049,279.0,0,0,1
85.205,287.0,0,0,0
345.434,287.0,0,0,1
288.64,288.0,0,0,1
254.097,289.0,0,0,1
260.39099999999996,292.0,0,0,0
338.949,291.0,0,0,0
353.324,289.0,0,0,0
342.99,288.0,0,0,1
415.86,200.0,0,0,0
559.811,199.0,0,0,0
440.849,200.0,0,0,0
345.101,200.0,0,0,0
369.539,200.0,0,0,0
312.008,200.0,0,0,0
200.21,200.0,0,0,0
193.03599999999997,199.0,0,0,0
278.312,199.0,0,0,0
117.601,200.0,0,0,0
152.067,202.0,0,0,0
46.0,202.0,0,0,0
122.65799999999999,202.0,0,0,0
105.199,201.0,0,0,0
90.62299999999999,202.0,0,0,0
325.635,281.0,0,0,0
292.49,284.0,0,0,0
405.50199999999995,283.0,0,0,0
269.644,284.0,0,0,0
259.747,284.0,0,0,0
242.40200000000002,203.0,0,0,0
285.557,186.0,0,0,0
370.587,186.0,0,0,0
426.969,186.0,0,0,0
548.188,162.0,0,0,0
422.717,76.0,0,0,0
533.922,76.0,0,0,0
412.538,76.0,0,0,0
285.87,75.0,0,0,0
238.47,75.0,0,0,0
138.006,75.0,0,0,0
418.361,75.0,0,1,0
141.987,75.0,0,0,0
230.489,187.0,0,0,0
169.421,201.0,0,0,0
161.503,201.0,0,0,0
197.625,201.0,0,0,0
44.088,201.0,0,0,0
211.21599999999998,201.0,0,0,0
211.21599999999998,201.0,0,0,0
211.21599999999998,202.0,0,0,0
156.435,202.0,0,0,1
156.321,201.0,0,3,0
156.686,196.0,0,0,1
157.184,195.0,0,0,0
157.184,195.0,0,0,1
377.79900000000004,195.0,0,2,0
496.439,195.0,0,0,0
345.574,261.0,0,0,0
400.084,262.0,0,2,0
399.781,262.0,0,2,0
380.189,262.0,0,0,1
229.516,261.0,0,2,0
103.935,262.0,0,0,0
271.289,325.4830894,0,2,0
194.44799999999998,442.90302980000007,1,1,0
185.797,510.0,0,0,0
219.324,529.0,0,1,1
309.96299999999997,610.0,0,0,0
320.32099999999997,612.0,0,0,0
384.99699999999996,611.0,2,0,0
572.62,616.0,4,0,0
783.3960000000001,622.0,2,0,0
735.7539999999999,624.0,0,0,0
702.925,626.0,0,0,0
649.656,298.0,0,0,0
781.8589999999999,278.0,0,0,0
732.6469999999999,275.0,1,0,0
636.567,496.0,0,0,0
772.83,615.0,0,0,0
838.03,620.0,0,0,0
916.6210000000001,620.0,0,0,0
688.1569999999999,762.0,0,0,0
601.592,774.0,0,0,0
575.759,768.0,0,0,0
513.381,773.0,0,0,0
577.216,894.0,0,0,0
701.368,2081.0,0,0,0
785.5980000000001,2137.0,0,0,0
862.8960000000001,2137.0,0,0,0
808.21,2368.0,0,0,0
983.263,2373.0,0,0,0
986.939,2374.0,0,0,0
993.2660000000001,2372.0,0,0,0
1411.3220000000001,2369.0,0,0,0
1725.661,2490.0,0,0,0
1959.557,2478.0,0,0,0
2221.512,2223.0,0,0,0
2490.96,2222.0,0,0,0
2656.1209999999996,2220.0,0,0,0
2655.636,2042.0,0,0,0
2662.028,2039.0,0,0,0
2826.526,1848.0,0,0,0
2707.22,1849.0,0,0,0
2776.725,1713.0,0,0,0
2909.8070000000002,1787.0,0,0,0
2798.545,1608.0,0,0,0
2775.888,1452.0,0,0,0
2601.0789999999997,1451.0,0,0,0
2699.967,1448.0,0,0,0
2465.942,1439.0,0,0,0
2335.661,1117.0,0,0,0
2156.395,975.0,0,0,0
2094.794,973.0,0,0,0
2115.013,957.0,0,0,0
1863.8729999999998,957.0,0,0,0
1737.858,957.0,0,0,0
1712.5610000000001,958.0,0,0,0
1732.7910000000002,1095.0,0,0,0
1492.1270000000002,1095.0,0,0,0
1442.795,960.0,0,0,0
1301.63,781.0,0,0,0
1331.851,743.0,0,0,0
1157.2839999999999,740.0,0,0,0
1188.5,740.0,0,0,0
1232.417,740.0,0,0,0
1191.84,739.0,0,0,0
1190.527,738.0,0,0,0
1166.14,737.0,0,0,0
1111.256,740.0,0,0,0
1029.2730000000001,758.0,0,0,0
979.812,759.0,0,0,0
850.502,761.0,0,0,0
893.552,757.0,0,0,0
854.173,748.0,0,0,0
941.653,744.0,0,0,0
891.242,744.0,0,0,0
942.7260000000001,742.0,0,0,0
971.059,744.0,0,0,0
966.1560000000001,665.0,0,0,0
888.796,664.0,0,0,0
814.53,664.0,0,0,0
880.18,665.0,0,0,0
921.7439999999999,664.0,0,0,0
943.248,561.0,0,0,0
942.186,524.0,0,0,0
960.091,524.0,0,0,0
940.747,523.0,0,0,0
945.934,522.0,0,0,0
768.653,522.0,0,0,0
896.7719999999999,529.0,0,0,0
765.0369999999999,531.0,0,0,0
723.3610000000001,528.0,0,0,0
770.034,527.0,0,0,0
700.202,422.0,0,0,0
625.049,407.0,0,0,0
628.62,408.0,0,0,0
638.342,401.0,0,0,0
694.885,401.0,0,0,0
618.573,401.0,0,0,0
505.05300000000005,401.0,0,0,0
646.51,402.0,0,0,0
431.277,400.0,0,0,0
385.934,395.0,0,0,0
470.792,469.0,0,0,0
450.168,479.0,0,0,0
548.6659999999999,478.0,0,0,0
493.47,477.0,0,0,0
527.086,477.0,0,0,0
641.643,479.0,0,0,0
472.708,498.0,0,0,0
562.432,615.0,0,0,0
455.07,624.0,0,0,0
587.919,627.0,0,0,0
612.185,625.0,0,0,0
614.764,624.0,0,0,0
707.5830000000001,636.0,0,0,0
513.755,640.0,0,0,0
738.6239999999999,405.0,0,0,0
786.102,357.0,0,0,0
720.5,324.0,0,0,0
619.3430000000001,325.0,0,0,0
762.618,323.0,0,0,0
775.8760000000001,325.0,0,0,0
755.507,324.0,0,0,0
558.83,325.0,0,0,0
417.029,314.0,0,0,0
512.936,325.0,0,0,0
184.06900000000002,325.0,0,0,0
387.207,325.0,0,0,0
384.536,325.0,0,0,0
205.519,325.0,0,0,0
443.411,325.0,0,0,0
464.199,325.0,0,0,0
534.154,327.0,0,0,0
370.33,328.0,0,0,0
190.00799999999998,329.0,0,0,17
320.905,328.0,0,0,0
379.67400000000004,329.0,0,0,0
325.58,329.0,0,0,0
311.605,330.0,0,10,0
429.45,330.0,0,0,0
517.226,279.0,0,0,0
781.829,285.0,0,0,0
457.531,286.0,0,0,0
410.921,281.0,0,0,0
490.01099999999997,280.0,0,0,0
422.204,281.0,0,0,0
440.86199999999997,281.0,0,0,0
222.14,281.0,0,1,0
443.22900000000004,280.0,0,0,0
508.30300000000005,280.0,0,0,0
418.559,280.0,0,0,0
465.87199999999996,454.0,0,0,0
479.515,472.0,0,0,0
497.407,480.0,0,0,0
462.86400000000003,482.0,0,0,0
409.36,483.0,0,0,0
511.44,485.0,0,0,0
429.629,489.0,0,0,0
398.39300000000003,488.0,0,1,0
425.901,488.0,0,0,0
457.56800000000004,488.0,0,0,0
581.289,493.0,0,0,0
690.676,494.0,0,0,0
776.822,493.0,0,0,0
703.145,269.0,0,0,0
768.82,268.0,0,0,0
722.388,267.0,0,0,0
635.297,266.0,0,0,0
569.71,266.0,0,0,0
537.0930000000001,268.0,0,0,1
636.211,268.0,0,0,0
576.215,418.0,0,0,0
502.129,588.0,0,0,0
506.086,590.0,0,0,0
395.88800000000003,590.0,0,0,0
446.949,598.0,0,0,0
445.93699999999995,597.0,0,0,0
364.723,596.0,0,0,0
628.656,600.0,0,0,0
527.8,596.0,0,0,0
694.297,597.0,0,0,0
667.341,570.0,0,0,0
640.008,569.0,0,0,0
720.047,568.0,0,0,0
689.962,568.0,0,0,0
815.299,570.0,0,0,0
746.4110000000001,569.0,0,0,0
748.7919999999999,569.0,0,0,0
727.9939999999999,429.0,0,0,0
847.084,432.0,0,0,0
752.045,431.0,0,0,0
732.135,433.0,0,0,0
680.298,431.0,0,0,0
764.627,433.0,0,0,0
575.62,432.0,0,0,0
639.443,432.0,0,0,0
591.435,432.0,0,0,0
573.951,431.0,0,0,0
621.073,431.0,0,0,0
442.814,431.0,0,0,0
732.1289999999999,432.0,0,0,0
563.014,432.0,0,2,0
651.915,432.0,0,0,0
646.804,424.0,0,0,0
600.911,419.0,0,0,0
629.66,575.0,0,0,15
496.408,591.0,0,0,19
539.717,595.0,0,1,1
516.665,593.0,0,0,0
615.745,595.0,0,0,0
644.112,603.0,0,0,0
663.3989999999999,604.0,0,0,0
846.133,291.0,0,0,0
834.207,296.0,0,1,0
789.9910000000001,296.0,0,0,0
749.562,297.0,0,0,0
757.5319999999999,296.0,0,0,0
845.56,297.0,0,0,0
665.3889999999999,297.0,0,0,0
617.361,298.0,0,0,0
562.479,298.0,0,0,0
532.825,297.0,0,0,0
551.242,297.0,0,0,0
376.42699999999996,296.0,0,0,0
536.365,297.0,0,6,0
478.968,298.0,0,2,0
589.818,295.0,0,0,1
501.056,292.0,0,0,0
477.94,292.0,0,0,0
580.2959999999999,488.0,0,0,0
360.711,501.0,0,0,0
417.329,503.0,0,1,0
361.324,505.0,0,0,0
624.544,504.0,0,0,0
617.325,505.0,0,0,0
675.0219999999999,508.0,0,0,0
814.0169999999999,519.0,0,0,0
920.676,520.0,1,0,0
977.091,519.0,0,0,0
832.5160000000001,518.0,0,0,0
901.737,519.0,0,0,0
920.939,518.0,0,0,0
839.1419999999999,598.0,0,0,0
797.5139999999999,762.0,0,0,0
740.805,760.0,0,0,0
756.0110000000001,760.0,0,0,0
728.2860000000001,762.0,0,0,0
683.993,765.0,0,0,0
792.4860000000001,764.0,0,3,0
849.174,760.0,0,4,0
918.562,751.0,0,0,0
919.258,740.0,0,2,0
954.664,1369.0,0,0,0
999.8919999999999,1438.0,0,0,0
1008.543,1449.0,0,0,0
942.9989999999999,1455.0,0,0,0
991.087,1455.0,0,0,0
1025.415,1538.0,0,0,0
1112.69,1320.0,0,0,0
1249.1589999999999,1319.0,0,0,0
1332.991,1309.0,0,0,0
1526.481,1309.0,0,0,0
1562.862,1307.0,0,0,0
1727.924,1240.0,0,0,0
1686.0610000000001,1239.0,0,0,0
1754.239,897.0,0,0,0
1762.254,751.0,0,0,0
1659.205,753.0,0,0,0
1610.5739999999998,883.0,0,0,0
1561.8220000000001,883.0,0,0,0
1569.359,883.0,0,0,0
1547.612,803.0,0,0,0
1348.1170000000002,747.0,0,0,0
1314.193,747.0,0,0,0
1265.361,747.0,0,0,0
1095.407,748.0,0,0,0
1141.4569999999999,745.0,0,0,0
893.2660000000001,742.0,0,0,0
991.285,741.0,0,0,0
927.576,741.0,0,0,0
914.2310000000001,690.0,0,0,0
909.8610000000001,688.0,0,0,0
865.732,689.0,0,0,0
924.752,691.0,0,0,0
930.096,662.0,0,0,0
975.794,664.0,0,0,0
977.211,662.0,0,0,0
973.914,665.0,0,0,0
842.367,664.0,0,0,0
833.023,664.0,0,0,0
822.995,664.0,0,0,0
763.8969999999999,662.0,0,0,0
770.525,659.0,0,0,0
732.5039999999999,543.0,0,0,0
811.13,543.0,0,0,0
771.5939999999999,543.0,0,0,0
856.25,542.0,0,0,0
844.492,541.0,0,0,0
826.2460000000001,541.0,0,0,0
888.513,542.0,0,0,0
729.9789999999999,549.0,0,0,0
796.028,383.0,0,0,0
673.926,380.0,0,0,0
570.409,379.0,0,0,0
600.1659999999999,379.0,0,0,0
580.711,372.0,0,0,0
686.9119999999999,373.0,0,0,0
709.691,375.0,0,0,0
663.5930000000001,386.0,0,0,0
720.73,351.0,0,0,0
642.281,351.0,0,0,0
527.855,352.0,0,0,0
497.986,352.0,0,0,0
444.12300000000005,351.0,0,0,0
357.585,351.0,0,0,0
460.51800000000003,353.0,0,0,0
458.283,348.0,0,0,0
494.55300000000005,349.0,0,0,0
475.171,422.0,0,0,0
361.695,424.0,0,0,0
589.57,424.0,0,0,0
409.93800000000005,423.0,0,0,0
542.56,425.0,0,0,0
467.86800000000005,427.0,0,0,0
522.507,429.0,0,0,0
531.545,429.0,0,0,0
478.95599999999996,429.0,0,0,0
584.384,428.0,1,0,0
425.292,547.0,0,0,0
584.004,591.0,0,0,0
627.974,593.0,0,0,0
632.409,595.0,0,0,0
645.482,506.0,0,0,0
574.119,510.0,0,0,0
578.363,511.0,0,0,0
525.631,512.0,0,0,0
579.229,511.0,0,0,0
646.771,509.0,0,0,0
587.136,511.0,0,0,0
710.5980000000001,509.0,0,0,0
652.766,514.0,0,0,0
672.562,512.0,0,0,0
605.615,490.0,0,0,0
603.187,488.0,0,0,0
546.899,488.0,0,0,0
495.166,488.0,0,0,0
640.373,486.0,0,0,0
613.9019999999999,380.0,0,0,0
567.862,373.0,0,0,0
519.881,373.0,0,0,0
620.0740000000001,374.0,0,0,0
603.97,374.0,0,0,0
555.757,374.0,0,0,1
637.3330000000001,374.0,0,0,2
670.0989999999999,373.0,0,0,2
727.928,373.0,0,2,4
593.873,268.0,0,0,2
619.597,269.0,0,2,1
519.008,269.0,0,2,1
528.506,269.0,0,0,2
464.57800000000003,270.0,0,2,1
509.82300000000004,268.0,0,4,0
554.184,269.0,0,2,1
499.751,269.0,0,0,0
576.655,276.0,0,2,0
442.626,191.0,0,0,0
395.545,190.0,0,0,1
319.45599999999996,190.0,0,0,0
314.158,190.0,0,4,0
495.471,190.0,0,2,0
433.01099999999997,190.0,0,0,0
564.376,190.0,0,0,0
465.152,190.0,0,0,0
456.48400000000004,188.0,0,0,0
326.83799999999997,188.0,0,0,0
200.817,189.0,0,0,0
248.11700000000002,189.0,0,0,0
257.512,189.0,0,0,0
400.55400000000003,189.0,0,0,0
378.098,188.0,0,0,0
457.168,188.0,0,0,0
378.25699999999995,188.0,0,0,0
357.07300000000004,188.0,0,0,0
211.74900000000002,188.0,0,0,0
296.09,188.0,0,0,0
350.634,188.0,0,0,0
362.35400000000004,188.0,0,0,0
322.652,188.0,0,0,0
351.28,188.0,0,0,0
332.9,188.0,0,0,0
275.848,67.0,0,0,0
245.55200000000002,72.0,0,0,0
251.093,72.0,0,0,0
405.666,72.0,0,0,0
267.913,72.0,0,0,0
318.987,72.0,0,0,0
299.481,72.0,0,0,0
211.796,74.0,0,0,0
185.861,475.0,0,0,0
23.293000000000003,486.0,0,0,0
231.813,486.0,0,0,0
240.233,486.0,0,0,0
181.378,485.0,0,0,0
257.91900000000004,486.0,0,0,0
299.673,204.0,0,0,0
369.485,202.0,0,0,0
368.082,203.0,0,0,0
479.301,203.0,0,0,0
570.746,244.0,0,0,0
644.938,373.0,0,0,0
678.197,371.0,0,0,0
565.061,374.0,0,0,0
515.194,377.0,0,0,0
290.59,376.0,0,0,0
208.18200000000002,262.0,0,0,0
187.489,262.0,0,0,0
248.63,264.0,0,0,0
494.165,263.0,0,0,0
345.741,263.0,0,0,0
602.415,262.0,0,0,0
618.4580000000001,315.0,0,0,0
543.314,504.0,0,0,0
399.912,509.0,0,0,0
243.153,511.0,0,0,0
400.62199999999996,510.0,0,0,0
310.634,512.0,0,0,0
374.23,513.0,0,0,0
455.134,516.0,0,0,0
500.67800000000005,205.0,0,0,0
543.437,202.0,0,0,0
576.725,202.0,0,0,0
566.561,202.0,0,0,0
668.997,202.0,0,0,0
587.174,202.0,0,0,0
588.52,202.0,0,0,0
632.942,202.0,0,0,0
488.923,202.0,0,0,0
376.54,202.0,0,0,0
212.97400000000002,263.0,0,0,0
162.502,269.0,0,0,0
259.774,269.0,0,0,0
216.726,268.0,0,0,0
281.595,268.0,0,0,0
244.373,268.0,0,0,0
349.556,268.0,0,0,0
429.76599999999996,268.0,0,0,0
338.095,266.0,0,0,0
352.788,263.0,0,0,0
223.627,263.0,0,0,0
491.75699999999995,263.0,0,0,0
428.389,262.0,0,0,0
389.184,263.0,0,0,0
382.60400000000004,182.0,0,0,0
272.315,182.0,0,0,0
436.86,334.0,0,0,0
275.30400000000003,417.0,0,0,0
285.065,420.0,0,0,0
334.42,420.0,0,0,0
245.14700000000002,419.0,0,0,0
458.244,420.0,0,0,0
375.474,426.0,0,0,0
418.041,426.0,0,0,0
403.86300000000006,216.0,0,0,0
412.379,214.0,0,0,0
504.19300000000004,214.0,0,0,0
454.871,214.0,0,0,0
453.2,214.0,0,0,0
539.318,213.0,0,0,0
497.249,214.0,0,0,0
463.306,213.0,0,0,0
427.991,214.0,0,0,0
379.767,214.0,0,0,0
360.534,214.0,0,0,0
247.625,214.0,0,0,0
324.698,214.0,0,0,0
265.848,214.0,0,0,0
223.97299999999998,186.0,0,0,0
136.226,186.0,0,0,0
215.16,187.0,0,0,0
228.72400000000002,185.0,0,0,0
179.831,183.0,0,0,0
364.211,184.0,0,0,0
343.245,184.0,0,0,0
373.413,184.0,0,0,0
276.202,184.0,0,0,0
220.477,184.0,0,0,0
165.753,205.0,0,0,0
121.509,207.0,0,0,0
168.571,207.0,0,0,0
212.516,208.0,0,0,0
337.202,207.0,0,0,0
252.94799999999998,207.0,0,0,0
221.919,226.0,0,0,0
150.16,285.0,0,0,0
238.357,286.0,0,0,0
151.279,286.0,0,0,0
156.53,289.0,0,0,0
294.034,289.0,0,0,0
502.449,287.0,0,0,0
384.963,288.0,0,0,0
332.19300000000004,199.0,0,0,0
417.957,200.0,0,0,0
297.035,199.0,0,0,0
277.455,200.0,0,0,0
176.34,200.0,0,0,0
432.026,200.0,0,0,0
342.483,200.0,0,0,0
390.218,200.0,0,0,0
315.121,200.0,0,0,0
328.731,199.0,0,0,0
367.376,199.0,0,0,0
61.711999999999996,200.0,0,0,0
217.292,200.0,0,0,1
135.42600000000002,199.0,0,0,0
292.316,197.0,0,0,0
238.014,197.0,0,0,5
105.098,198.0,0,0,1
209.768,201.0,0,0,0
179.243,201.0,0,0,0
235.63400000000001,201.0,0,0,1
239.523,201.0,0,0,0
254.15,201.0,0,0,1
388.065,201.0,0,0,0
549.639,201.0,0,0,0
390.538,198.0,0,0,2
346.161,198.0,0,0,1
410.348,198.0,0,0,0
352.06800000000004,198.0,0,0,2
236.562,198.0,0,2,10
192.87099999999998,198.0,0,2,7
242.761,198.0,0,2,2
256.248,198.0,0,1,2
252.899,198.0,0,1,5
263.562,198.0,0,2,6
449.327,196.0,0,2,1
257.709,196.0,0,0,1
429.226,195.0,0,0,0
606.268,196.0,0,0,2
570.6569999999999,264.0,0,2,2
519.606,265.0,0,6,5
292.46299999999997,264.0,0,6,2
631.774,264.0,0,0,0
556.529,264.0,0,0,2
327.584,265.0,0,1,1
296.909,309.0,0,1,1
635.962,375.0,0,2,1
909.6189999999999,375.0,0,2,2
776.7339999999999,375.0,0,0,1
703.572,431.0,0,0,0
811.9830000000001,432.0,0,0,1
950.1039999999999,206.0,0,0,0
831.809,204.0,0,0,0
776.27,204.0,0,0,0
831.8430000000001,204.0,0,0,0
998.5319999999999,204.0,0,0,0
1048.005,204.0,0,1,0
974.8489999999999,276.0,0,0,0
813.929,553.0,0,0,0
817.7639999999999,576.0,0,0,0
754.75,640.0,0,0,0
710.263,638.0,0,0,0
711.738,637.0,0,0,0
683.184,638.0,0,0,0
789.403,644.0,0,0,0
732.965,651.0,0,0,0
895.875,532.0,0,0,0
940.4069999999999,534.0,0,0,0
833.1360000000001,533.0,1,0,0
924.7139999999999,534.0,0,0,0
1138.827,538.0,0,0,0
1112.233,538.0,0,0,0
925.289,538.0,0,0,0
908.707,562.0,0,0,0
842.574,570.0,0,0,0
895.1669999999999,572.0,0,0,0
761.76,572.0,0,0,0
800.745,565.0,1,0,0
777.457,565.0,0,0,0
815.387,564.0,0,0,0
881.51,565.0,0,0,0
848.2289999999999,564.0,0,0,0
877.929,563.0,0,0,0
871.068,440.0,0,0,0
868.817,439.0,0,0,0
904.196,438.0,0,0,0
851.914,438.0,0,0,0
846.9169999999999,436.0,0,0,0
929.54,435.0,0,0,0
506.949,436.0,0,0,0
810.6439999999999,437.0,0,0,0
599.7869999999999,438.0,0,0,0
657.263,437.0,0,0,0
598.139,436.0,0,0,0
360.522,437.0,0,0,0
821.563,438.0,0,0,0
523.257,433.0,0,0,0
531.003,431.0,0,0,0
590.498,432.0,0,0,0
598.987,429.0,0,0,0
646.9209999999999,429.0,0,0,0
550.514,429.0,0,0,0
613.794,429.0,0,0,0
659.408,429.0,0,0,0
645.159,429.0,1,0,0
664.97,429.0,1,0,0
447.333,288.0,0,0,0
620.3340000000001,285.0,0,0,0
620.3340000000001,287.0,0,0,0
620.3340000000001,286.0,0,0,0
620.3340000000001,287.0,0,0,0
620.3340000000001,282.0,0,0,0
767.7819999999999,282.0,0,0,0
448.075,283.0,0,1,0
455.12,283.0,0,0,0
358.532,483.0,0,0,0
339.793,489.0,0,1,0
319.519,489.0,0,0,0
328.086,488.0,0,0,0
476.85699999999997,489.0,0,0,2
536.674,495.0,0,0,1
477.875,287.0,0,0,1
491.17699999999996,283.0,0,0,0
581.915,284.0,0,0,1
567.719,284.0,0,0,1
583.85,284.0,0,0,2
646.556,284.0,0,0,2
646.832,284.0,0,0,0
573.49,285.0,1,0,0
503.147,285.0,0,0,0
425.38800000000003,285.0,0,0,0
363.25699999999995,283.0,0,0,0
315.673,284.0,0,0,0
464.778,285.0,0,0,0
381.837,284.0,0,0,0
372.827,285.0,0,0,0
517.6,285.0,0,0,0
406.23800000000006,284.0,0,0,0
404.36800000000005,283.0,0,0,0
339.775,284.0,0,0,0
274.599,284.0,1,0,0
321.718,284.0,0,0,0
307.052,284.0,0,0,0
476.466,284.0,0,0,0
533.302,284.0,0,0,0
376.967,287.0,0,0,0
578.615,285.0,0,1,0
565.018,285.0,0,0,0
455.88699999999994,286.0,0,0,1
403.09,286.0,0,0,0
337.545,286.0,0,0,0
353.375,287.0,0,0,0
356.272,285.0,0,0,0
302.42900000000003,286.0,1,0,0
283.302,286.0,0,0,0
352.836,285.0,0,0,0
404.789,286.0,0,0,0
448.47,287.0,0,0,0
360.6,286.0,0,0,0
420.695,286.0,0,0,0
501.548,286.0,0,0,0
382.801,286.0,0,0,0
357.833,286.0,0,0,3
256.191,286.0,0,0,7
432.491,287.0,0,0,1
344.17400000000004,286.0,0,2,1
419.51,287.0,0,2,1
566.207,286.0,0,0,2
432.37699999999995,285.0,0,2,3
535.351,241.0,0,2,0
556.186,186.0,0,0,0
600.749,186.0,0,0,0
491.281,186.0,1,0,1
422.245,187.0,0,0,0
557.976,187.0,0,0,0
539.764,187.0,0,0,0
394.374,493.0,0,1,0
441.605,513.0,0,0,0
384.231,510.0,0,0,0
397.14599999999996,421.0,0,0,0
261.413,418.0,0,0,0
368.845,418.0,0,0,0
408.69800000000004,417.0,0,0,0
495.2,422.0,0,0,1
665.846,423.0,0,0,0
710.596,423.0,0,0,0
875.8660000000001,416.0,0,0,0
738.439,381.0,0,0,0
780.07,378.0,0,0,0
582.886,378.0,0,0,0
481.52099999999996,374.0,0,0,0
530.55,374.0,0,0,0
500.731,624.0,0,0,0
568.8380000000001,648.0,0,0,0
649.855,708.0,0,0,0
740.586,742.0,0,0,0
740.98,746.0,0,0,0
638.906,744.0,0,0,0
699.3380000000001,743.0,0,0,0
788.5239999999999,745.0,0,0,0
788.378,746.0,0,0,0
842.337,749.0,0,0,0
875.166,750.0,1,0,0
943.7589999999999,748.0,0,0,0
862.666,747.0,0,0,0
1017.8430000000001,748.0,0,0,0
857.578,749.0,0,0,0
887.6010000000001,748.0,0,0,0
1064.306,748.0,0,0,0
1103.177,750.0,0,0,0
1045.768,749.0,0,0,0
956.3610000000001,744.0,0,0,0
1051.269,743.0,0,0,0
1005.947,746.0,0,0,0
917.21,744.0,0,0,0
923.5,745.0,0,0,0
1020.3330000000001,745.0,0,0,0
1060.816,685.0,0,0,0
1050.813,687.0,0,0,0
995.7230000000001,687.0,0,0,0
1048.357,687.0,0,0,0
946.337,686.0,0,0,0
1050.379,687.0,0,0,0
938.112,688.0,0,0,0
935.318,626.0,1,0,0
974.113,576.0,0,0,0
915.9830000000001,577.0,0,0,0
943.4960000000001,544.0,0,0,0
755.14,544.0,0,0,0
853.115,545.0,0,0,0
883.566,549.0,0,0,0
926.711,549.0,0,0,0
915.784,551.0,0,0,0
836.57,549.0,0,0,0
906.748,549.0,0,0,0
736.355,549.0,0,0,0
692.6469999999999,549.0,0,0,0
758.186,549.0,0,0,0
636.274,549.0,0,0,0
740.564,548.0,0,0,0
776.948,548.0,0,0,0
779.1080000000001,383.0,0,0,0
831.0219999999999,381.0,0,0,0
667.105,380.0,0,0,0
773.567,381.0,0,0,0
754.862,381.0,0,0,0
702.222,381.0,0,0,0
719.885,381.0,0,0,0
599.899,382.0,2,0,0
580.711,379.0,0,0,0
523.6519999999999,376.0,0,0,0
462.0,377.0,0,0,0
462.55,375.0,0,0,0
440.417,375.0,0,0,0
506.475,375.0,0,0,0
575.987,376.0,0,0,0
515.276,374.0,0,0,0
553.183,372.0,0,0,0
537.001,571.0,0,0,0
530.51,591.0,0,0,0
421.485,593.0,0,0,0
458.30800000000005,607.0,0,0,0
477.283,609.0,0,0,0
673.7460000000001,608.0,0,0,0
552.415,607.0,0,0,0
573.443,386.0,0,0,0
707.362,383.0,0,0,0
753.5830000000001,383.0,0,0,0
706.145,384.0,0,0,0
667.695,383.0,0,0,0
777.802,377.0,0,0,0
675.096,369.0,0,0,0
704.558,371.0,1,0,0
491.273,376.0,0,0,0
551.821,376.0,0,0,0
507.597,213.0,0,0,0
333.76199999999994,213.0,0,0,0
543.455,207.0,0,0,0
498.151,205.0,0,0,0
431.719,205.0,0,0,0
531.006,209.0,0,0,0
335.267,209.0,0,0,0
461.733,209.0,0,0,0
392.38599999999997,208.0,0,0,0
270.409,209.0,1,0,0
410.014,475.0,0,0,0
282.819,508.0,0,0,0
334.727,511.0,0,0,0
394.04900000000004,512.0,0,0,0
307.556,296.0,0,0,0
325.496,297.0,0,0,0
345.851,297.0,0,0,0
419.35,297.0,0,0,0
380.069,297.0,0,0,0
369.973,296.0,0,0,0
556.26,298.0,0,0,0
585.944,296.0,0,0,0
579.619,296.0,0,0,0
383.13199999999995,291.0,0,0,0
489.445,367.0,0,0,0
461.216,285.0,0,0,0
333.84,284.0,0,0,0
453.561,284.0,0,0,0
375.218,284.0,0,0,0
535.766,284.0,0,0,0
464.908,284.0,0,0,0
499.11199999999997,371.0,0,0,0
392.31,375.0,0,0,0
314.575,375.0,0,0,0
461.60400000000004,375.0,0,0,0
417.954,374.0,0,0,0
399.44800000000004,374.0,0,0,0
