180.475,67.0,0,0,0
206.63400000000001,65.0,0,0,0
200.75799999999998,66.0,0,0,0
183.565,66.0,0,0,0
167.91,66.0,0,0,0
179.35,65.0,0,0,0
162.501,66.0,0,0,0
148.392,65.0,0,0,0
170.65900000000002,66.0,0,0,0
152.862,65.0,0,0,0
159.296,65.0,0,0,0
163.24200000000002,66.0,0,0,0
176.50900000000001,70.0,0,0,0
139.605,156.0,0,0,0
125.14,156.0,0,0,0
141.614,156.0,0,0,0
146.59799999999998,156.0,0,0,0
147.442,167.0,0,0,0
117.684,199.0,0,0,0
143.28799999999998,199.0,0,0,0
152.21,198.0,0,0,0
125.898,198.0,0,0,0
110.184,199.0,0,0,0
127.58200000000001,198.0,0,0,0
145.93200000000002,177.0,0,0,0
135.259,68.0,0,0,0
113.13799999999999,68.0,0,0,0
146.56,68.0,0,0,0
156.628,68.0,0,0,0
140.187,68.0,0,0,0
144.08100000000002,68.0,0,0,0
176.07299999999998,68.0,0,0,0
203.66099999999997,69.0,0,0,0
187.438,68.0,0,0,0
232.33599999999998,68.0,0,0,0
201.831,68.0,0,0,0
220.075,83.0,0,0,0
185.12599999999998,155.0,0,0,0
183.605,155.0,0,0,0
195.50599999999997,155.0,0,0,0
144.986,155.0,0,0,0
177.537,159.0,0,0,0
165.65,159.0,0,0,0
202.215,159.0,0,0,0
181.144,159.0,0,0,0
189.127,159.0,0,0,0
226.89,159.0,0,0,0
197.03099999999998,141.0,0,0,0
219.84599999999998,67.0,0,0,0
216.313,68.0,0,0,0
215.03799999999998,68.0,0,0,0
186.753,69.0,0,0,0
185.675,68.0,0,0,0
187.62900000000002,68.0,0,0,0
191.101,69.0,0,0,0
162.453,68.0,0,0,0
190.122,69.0,0,0,0
182.533,69.0,0,0,0
181.294,69.0,0,0,0
187.613,68.0,0,0,0
190.93,68.0,0,0,0
197.793,68.0,0,0,0
174.767,68.0,0,0,0
187.46,79.0,0,0,0
189.628,157.0,0,0,0
182.012,158.0,0,0,0
145.219,159.0,0,0,0
162.186,159.0,0,0,0
148.851,158.0,0,0,0
158.061,159.0,0,0,0
156.556,159.0,0,0,0
132.93200000000002,143.0,0,0,0
158.609,67.0,0,0,0
148.03,67.0,0,0,0
167.797,67.0,0,0,0
165.041,66.0,0,0,0
149.305,67.0,0,0,0
187.054,67.0,0,0,0
176.945,67.0,0,0,0
149.167,67.0,0,0,0
176.919,67.0,0,0,0
149.142,67.0,0,0,0
149.11700000000002,67.0,0,0,0
149.092,67.0,0,0,0
149.119,67.0,0,0,0
188.39700000000002,65.0,0,0,0
153.576,67.0,0,0,0
176.417,65.0,0,0,0
167.24,145.0,0,0,0
158.108,156.0,0,0,0
155.819,156.0,0,0,0
143.006,156.0,0,0,0
176.418,159.0,0,0,0
151.346,159.0,0,0,0
154.099,159.0,0,0,0
153.636,139.0,0,0,0
170.85,67.0,0,0,0
161.642,70.0,0,0,0
125.76799999999999,70.0,0,0,0
171.47299999999998,69.0,0,0,0
168.41,70.0,0,0,0
167.49599999999998,69.0,0,0,0
142.809,69.0,0,0,0
141.21,69.0,0,0,0
165.16400000000002,70.0,0,0,0
158.16299999999998,70.0,0,0,0
139.89600000000002,71.0,0,0,0
150.43,71.0,0,0,0
155.217,71.0,0,0,0
175.085,71.0,0,0,0
160.664,70.0,0,0,0
124.244,71.0,0,0,0
152.025,72.0,0,0,0
113.27,70.0,0,0,0
114.88799999999999,138.0,0,0,0
131.632,160.0,0,0,0
127.20700000000001,160.0,0,0,0
154.95600000000002,160.0,0,0,0
127.175,160.0,0,0,0
165.928,142.0,0,0,0
169.30700000000002,73.0,0,0,0
144.83700000000002,71.0,0,0,0
162.744,71.0,0,0,0
149.046,71.0,0,0,0
190.873,71.0,0,0,0
177.058,71.0,0,0,0
191.082,72.0,0,0,0
177.299,71.0,0,0,0
150.02700000000002,71.0,1,1,0
149.97799999999998,71.0,0,0,0
122.20200000000001,71.0,0,0,0
150.101,71.0,0,0,0
122.329,71.0,1,1,0
122.405,71.0,0,0,0
122.53,71.0,0,0,0
122.645,71.0,0,0,0
122.911,72.0,0,0,0
123.118,71.0,0,0,0
150.911,71.0,0,0,0
150.868,71.0,0,0,0
150.833,71.0,0,0,0
178.487,71.0,0,0,0
178.195,71.0,0,0,0
177.981,71.0,0,0,0
149.487,72.0,0,0,0
176.99,76.0,0,0,0
148.753,76.0,0,0,0
147.974,75.0,0,0,0
147.178,74.0,0,0,0
121.508,73.0,0,0,0
153.451,74.0,0,0,0
126.926,75.0,0,0,0
155.306,74.0,0,0,0
136.378,74.0,0,0,0
158.405,74.0,0,0,0
169.97400000000002,74.0,0,0,0
124.677,74.0,0,0,0
165.2,74.0,0,0,0
150.944,74.0,0,0,0
156.808,74.0,0,0,0
149.32399999999998,74.0,0,0,0
149.346,72.0,0,0,0
160.83,74.0,0,0,0
121.199,73.0,0,0,0
162.041,73.0,0,0,0
146.891,73.0,0,0,0
159.72799999999998,73.0,0,0,0
144.773,72.0,0,0,0
147.357,73.0,0,0,0
145.44,73.0,0,0,0
117.79700000000001,73.0,0,0,0
145.957,72.0,0,0,0
118.54,73.0,0,0,0
119.115,73.0,0,0,0
118.212,73.0,0,0,0
117.59,73.0,0,0,0
145.314,72.0,0,0,0
117.445,73.0,0,0,0
145.137,73.0,0,0,0
117.059,73.0,0,0,0
144.741,72.0,0,0,0
144.671,72.0,0,0,0
116.863,86.0,0,0,0
144.645,155.0,0,0,0
110.584,155.0,0,0,0
160.254,155.0,0,0,0
126.86200000000001,154.0,0,0,0
121.441,154.0,0,0,0
143.67700000000002,154.0,0,0,0
137.963,160.0,0,0,0
138.541,159.0,0,0,0
111.12799999999999,159.0,0,0,0
138.942,159.0,0,0,0
138.80100000000002,76.0,0,0,0
110.165,74.0,0,0,0
83.56200000000001,74.0,0,0,0
110.145,75.0,0,0,0
138.388,74.0,0,0,0
89.538,75.0,0,0,0
111.36200000000001,74.0,0,0,0
135.488,74.0,0,0,0
136.562,82.0,0,0,0
139.06799999999998,158.0,0,0,0
111.38600000000001,158.0,0,0,0
132.779,158.0,0,0,0
138.156,158.0,0,0,0
114.585,158.0,0,0,0
112.441,158.0,0,0,0
83.671,158.0,0,0,0
113.33,159.0,0,0,0
114.23299999999999,159.0,0,0,0
88.87700000000001,159.0,0,0,0
119.40299999999999,159.0,1,0,0
121.979,159.0,0,0,0
152.11700000000002,159.0,0,0,0
152.849,159.0,0,0,0
151.731,159.0,0,0,0
171.53099999999998,75.0,0,0,0
152.319,74.0,0,0,0
160.838,75.0,0,0,0
141.543,75.0,0,0,0
121.76,75.0,0,0,0
132.689,75.0,0,0,0
121.84100000000001,74.0,0,0,0
149.63,75.0,0,0,0
149.591,75.0,0,0,0
149.601,75.0,0,0,0
149.458,75.0,0,0,0
177.26,75.0,0,0,0
205.127,75.0,0,0,0
177.33700000000002,75.0,0,0,0
177.313,75.0,0,0,0
205.06900000000002,75.0,0,0,0
205.03400000000002,77.0,0,0,0
205.062,78.0,0,0,0
177.235,76.0,0,0,0
177.326,75.0,0,0,0
204.845,75.0,0,0,0
176.77200000000002,75.0,0,0,0
179.495,75.0,0,0,0
185.859,75.0,0,0,0
189.995,72.0,0,0,0
194.067,72.0,0,0,0
172.426,72.0,0,0,0
178.834,71.0,0,0,0
182.02900000000002,72.0,0,0,0
153.822,71.0,0,0,0
155.588,71.0,0,0,0
157.28,70.0,0,0,0
151.707,72.0,0,0,0
145.259,71.0,0,0,0
147.326,71.0,0,0,0
120.465,71.0,0,0,0
169.799,71.0,0,0,0
163.531,71.0,0,0,0
144.67700000000002,70.0,0,0,0
154.237,69.0,0,0,0
155.436,167.0,0,0,0
157.755,182.0,0,0,0
125.86200000000001,183.0,0,0,0
123.944,183.0,0,0,0
161.57399999999998,183.0,1,2,0
133.796,183.0,0,0,0
128.767,183.0,0,0,0
175.388,149.0,0,0,0
152.047,15.0,0,0,0
153.967,159.0,0,0,0
134.53,160.0,0,0,0
156.54,160.0,0,0,0
157.422,160.0,0,0,0
137.407,161.0,0,0,0
141.541,161.0,0,0,0
117.194,161.0,1,0,0
117.069,161.0,0,0,0
140.85299999999998,161.0,0,0,0
135.251,161.0,0,0,0
126.647,161.0,0,0,0
121.928,161.0,0,0,0
146.137,161.0,0,0,0
146.148,161.0,0,0,0
118.387,161.0,0,0,0
118.361,161.0,0,0,0
118.40100000000001,70.0,0,0,0
118.42200000000001,78.0,0,0,0
145.843,77.0,1,1,0
145.234,78.0,0,0,0
172.605,78.0,0,0,0
172.855,75.0,0,0,0
173.16299999999998,74.0,0,0,0
201.263,71.0,0,0,0
168.562,157.0,0,0,0
178.896,158.0,0,0,0
161.241,159.0,0,0,0
170.765,132.0,0,0,0
180.218,73.0,0,0,0
189.669,72.0,0,0,0
216.946,71.0,0,0,0
235.078,79.0,0,0,0
225.18,159.0,0,0,0
243.051,161.0,0,0,0
233.05200000000002,160.0,0,0,0
223.136,160.0,0,0,0
228.984,160.0,0,0,0
200.963,160.0,0,0,0
220.18,161.0,0,0,0
174.55900000000003,161.0,0,0,0
184.533,269.0,0,0,0
166.645,281.0,0,0,0
148.545,281.0,0,0,0
186.233,286.0,0,0,0
149.134,287.0,0,0,0
176.882,289.0,0,0,0
204.65900000000002,234.0,0,0,0
204.66,73.0,0,0,0
204.687,72.0,0,0,0
149.106,72.0,0,0,0
204.715,72.0,0,0,0
204.74200000000002,73.0,0,0,0
177.018,73.0,0,0,0
177.072,72.0,0,0,0
178.62,73.0,0,0,0
194.623,72.0,0,0,0
210.753,72.0,0,0,0
199.12099999999998,141.0,0,0,0
215.148,162.0,0,0,0
259.405,162.0,0,0,0
274.345,162.0,0,0,0
309.212,162.0,0,0,0
280.866,162.0,0,0,0
307.276,162.0,0,0,0
306.078,162.0,0,0,0
248.792,162.0,0,0,0
247.143,163.0,0,0,0
242.10299999999998,162.0,0,0,0
244.91,163.0,0,0,0
220.91400000000002,162.0,0,0,0
224.653,162.0,0,0,0
246.78799999999998,79.0,0,0,0
204.148,71.0,0,0,0
186.09599999999998,70.0,0,0,0
195.476,71.0,0,0,0
176.93900000000002,71.0,0,0,0
158.34,70.0,0,0,0
149.204,71.0,0,0,0
177.003,107.0,0,0,0
176.97299999999998,159.0,0,0,0
156.809,160.0,0,0,0
176.21900000000002,160.0,0,0,0
188.78099999999998,159.0,0,0,0
201.354,159.0,0,0,0
213.951,159.0,0,0,0
198.78900000000002,159.0,0,0,0
203.81900000000002,165.0,0,0,0
196.99,185.0,0,0,0
197.077,185.0,0,0,0
169.372,184.0,0,0,0
169.42700000000002,184.0,0,0,0
197.25099999999998,185.0,0,0,0
169.49099999999999,185.0,0,0,0
197.255,185.0,0,0,0
169.453,159.0,0,0,0
197.142,157.0,0,0,0
169.30599999999998,157.0,0,0,0
169.261,157.0,0,0,0
169.204,157.0,0,0,0
169.239,157.0,0,0,0
197.317,157.0,0,0,0
171.158,157.0,0,0,0
172.71400000000003,157.0,0,0,0
202.041,157.0,0,0,0
203.59099999999998,157.0,0,0,0
177.358,157.0,0,0,0
178.58599999999998,157.0,0,0,0
178.64,157.0,0,0,0
206.497,157.0,0,0,0
178.74400000000003,157.0,0,0,0
206.483,157.0,0,0,0
206.487,157.0,0,0,0
206.47,165.0,0,0,0
234.143,205.0,0,0,0
234.048,207.0,0,0,0
206.24200000000002,207.0,0,0,0
206.269,207.0,0,0,0
234.049,207.0,0,0,0
206.31599999999997,199.0,0,0,0
206.423,76.0,0,0,0
206.49099999999999,77.0,0,0,0
234.329,77.0,0,0,0
234.30599999999998,78.0,0,0,0
205.99200000000002,77.0,0,0,0
233.263,77.0,0,0,0
230.893,78.0,0,0,0
228.676,77.0,0,0,0
226.43099999999998,77.0,0,0,0
197.687,141.0,0,0,0
225.555,161.0,0,0,0
225.668,160.0,0,0,0
199.801,161.0,0,0,0
229.34400000000002,161.0,0,0,0
231.144,161.0,0,0,0
231.732,161.0,0,0,0
231.854,160.0,0,0,0
204.03900000000002,160.0,0,0,0
231.822,160.0,0,0,0
208.757,161.0,0,0,0
188.16099999999997,161.0,0,0,0
193.707,161.0,0,0,0
198.50900000000001,161.0,0,0,0
200.079,161.0,0,0,0
182.48,67.0,0,0,0
160.2,73.0,0,0,0
171.671,73.0,0,0,0
184.78400000000002,73.0,0,1,0
170.72400000000002,73.0,0,0,0
187.80700000000002,73.0,2,0,0
196.25,72.0,0,0,0
215.29,72.0,3,2,0
196.88400000000001,73.0,1,0,0
210.93,135.0,0,1,0
225.00599999999997,162.0,0,0,0
239.093,161.0,0,0,0
220.88,162.0,0,0,0
224.44400000000002,161.0,0,0,0
257.097,162.0,0,0,0
257.267,162.0,0,0,0
224.97400000000002,162.0,0,0,0
224.98,162.0,0,0,0
224.858,162.0,0,0,0
224.753,162.0,0,0,0
193.729,162.0,0,0,0
162.715,162.0,0,0,0
196.58900000000003,162.0,0,0,0
165.69799999999998,162.0,0,0,0
197.924,67.0,0,0,0
164.84599999999998,72.0,0,0,0
162.887,71.0,0,0,0
195.74900000000002,72.0,0,0,0
163.83,72.0,0,0,0
164.351,72.0,0,0,0
166.562,72.0,0,0,0
169.301,72.0,0,0,0
204.169,72.0,0,0,0
171.85,72.0,0,0,0
171.84400000000002,72.0,0,0,0
204.168,72.0,0,0,0
204.084,73.0,0,0,0
204.05200000000002,72.0,0,0,0
203.94799999999998,72.0,0,0,0
236.303,72.0,0,0,0
241.253,72.0,0,0,0
214.842,148.0,0,0,0
188.248,159.0,0,0,0
220.079,160.0,0,0,0
219.769,161.0,0,0,0
186.959,163.0,0,0,0
181.683,163.0,0,0,0
175.481,163.0,0,0,0
201.833,78.0,0,0,0
137.309,71.0,0,0,0
137.43,71.0,0,0,0
137.58100000000002,72.0,0,0,0
170.03099999999998,71.0,0,0,0
170.046,72.0,0,0,0
137.689,71.0,0,0,0
170.07299999999998,71.0,0,0,0
137.535,71.0,0,0,0
135.908,71.0,0,0,0
110.449,71.0,0,0,0
119.04,71.0,0,0,0
149.344,70.0,0,0,0
142.953,92.0,0,0,0
159.624,205.0,0,0,0
177.80900000000003,205.0,0,0,0
187.46099999999998,205.0,0,0,0
175.858,164.0,0,0,0
176.08900000000003,159.0,0,0,0
181.142,160.0,0,0,0
163.205,160.0,0,0,0
145.268,160.0,0,0,0
159.836,160.0,0,0,0
161.582,160.0,0,0,0
129.886,75.0,0,0,0
130.489,70.0,0,0,0
130.35399999999998,70.0,0,0,0
130.18,70.0,0,0,0
128.355,71.0,0,0,0
154.916,71.0,0,0,0
151.811,70.0,0,0,0
150.263,71.0,0,0,0
151.839,70.0,0,0,0
190.49400000000003,70.0,0,0,0
165.997,69.0,0,0,0
135.875,105.0,0,0,0
147.03799999999998,157.0,0,0,0
147.028,157.0,0,0,0
154.838,157.0,0,0,0
125.84700000000001,157.0,0,0,0
125.434,157.0,0,0,0
97.72,206.0,0,0,0
128.161,208.0,0,0,0
125.164,207.0,0,0,0
133.898,209.0,0,0,0
142.341,208.0,0,0,0
122.075,212.0,0,0,0
171.142,202.0,0,0,0
182.81799999999998,79.0,0,0,0
172.32299999999998,73.0,0,0,0
172.27200000000002,74.0,0,0,0
172.247,73.0,0,0,0
172.222,73.0,0,0,0
180.925,73.0,0,0,0
129.795,73.0,0,0,0
175.85299999999998,72.0,0,0,0
157.221,72.0,0,0,0
170.982,73.0,0,0,0
184.769,73.0,0,0,0
189.892,73.0,0,0,0
222.42,72.0,0,0,0
222.59900000000002,72.0,0,0,0
222.63299999999998,72.0,0,0,0
222.66400000000002,72.0,0,0,0
222.69400000000002,71.0,0,0,0
190.266,153.0,0,0,0
190.292,161.0,0,0,0
190.299,160.0,0,0,0
190.31900000000002,160.0,0,0,0
190.395,161.0,0,0,0
190.472,160.0,0,0,0
222.945,161.0,0,0,0
190.532,67.0,0,0,0
190.602,73.0,0,0,0
190.641,74.0,0,0,0
158.254,73.0,0,0,0
190.61700000000002,73.0,0,0,0
158.156,74.0,0,0,0
158.096,73.0,0,0,0
157.99,73.0,0,0,0
157.894,72.0,0,0,0
157.798,72.0,0,0,0
157.80200000000002,72.0,0,0,0
115.51700000000001,72.0,0,0,0
180.345,73.0,0,0,0
147.963,72.0,0,0,0
148.036,72.0,0,0,0
180.523,69.0,0,0,0
150.471,83.0,0,0,0
170.14700000000002,157.0,0,0,0
136.833,168.0,0,0,0
135.904,202.0,0,0,0
167.34099999999998,203.0,0,0,0
133.942,202.0,0,0,0
163.016,202.0,0,0,0
184.69299999999998,192.0,0,0,0
184.671,66.0,0,0,0
184.642,71.0,0,0,0
171.765,71.0,0,0,0
158.906,71.0,0,0,0
146.078,72.0,0,0,0
165.623,71.0,0,0,0
152.716,71.0,0,0,0
139.846,71.0,0,0,0
148.644,71.0,0,0,0
162.881,71.0,0,0,0
182.46,69.0,0,0,0
164.834,70.0,0,0,0
147.29,70.0,0,0,0
162.156,70.0,0,0,0
168.205,70.0,0,0,0
168.864,70.0,0,0,0
164.205,70.0,0,0,0
164.31900000000002,150.0,0,0,0
164.46599999999998,158.0,0,0,0
164.52,158.0,0,0,0
132.257,157.0,0,0,0
164.68099999999998,157.0,0,0,0
132.0,158.0,0,0,0
164.21200000000002,158.0,0,0,0
164.399,74.0,0,0,0
164.78799999999998,71.0,0,0,0
197.55200000000002,71.0,0,0,0
165.55599999999998,72.0,0,0,0
161.731,72.0,0,0,0
114.678,70.0,0,0,0
131.965,72.0,0,0,0
149.086,72.0,0,0,0
113.993,70.0,0,0,0
111.354,71.0,0,0,0
145.52700000000002,71.0,0,0,0
158.026,71.0,0,0,0
138.067,72.0,0,0,0
118.346,72.0,0,0,0
150.77700000000002,70.0,0,0,0
183.111,70.0,0,0,0
150.675,70.0,0,0,0
183.02599999999998,141.0,0,0,0
183.158,161.0,0,0,0
183.113,162.0,0,0,0
150.685,162.0,0,0,0
151.53,161.0,0,0,0
153.373,161.0,0,0,0
122.789,165.0,0,0,0
156.783,78.0,0,0,0
158.194,72.0,0,0,0
159.733,72.0,0,0,0
128.165,72.0,0,0,0
160.371,72.0,0,0,0
158.686,72.0,0,0,0
123.181,72.0,0,0,0
123.98200000000001,72.0,0,0,0
124.639,72.0,0,0,0
130.07299999999998,72.0,0,0,0
99.08200000000001,72.0,0,0,0
134.192,72.0,0,0,0
138.428,72.0,0,0,0
139.64600000000002,72.0,0,0,0
140.749,72.0,0,0,0
169.18400000000003,72.0,0,0,0
169.59599999999998,72.0,0,0,0
136.224,146.0,0,0,0
135.25799999999998,160.0,0,0,0
132.69299999999998,160.0,0,0,0
162.05700000000002,161.0,0,0,0
127.7,143.0,0,0,0
125.51700000000001,55.0,0,0,0
157.497,58.0,0,0,0
157.25,70.0,0,0,0
157.898,71.0,0,0,0
126.79899999999999,71.0,0,0,0
127.205,71.0,0,0,0
160.037,71.0,0,0,0
126.527,71.0,0,0,0
123.441,70.0,0,0,0
155.803,71.0,0,0,0
155.535,71.0,0,0,0
155.262,70.0,0,0,0
176.618,70.0,0,0,0
170.792,70.0,0,0,0
206.033,70.0,0,0,0
140.925,70.0,0,0,0
142.493,71.0,0,0,0
146.13,70.0,0,0,0
115.271,70.0,0,0,0
80.071,70.0,0,0,0
70.388,71.0,0,0,0
89.961,72.0,0,0,0
153.597,72.0,0,0,0
119.49799999999999,69.0,0,0,0
130.769,70.0,0,0,0
174.97,69.0,0,0,0
154.355,70.0,0,0,0
169.34799999999998,70.0,0,0,0
132.892,70.0,0,0,0
181.767,70.0,0,0,0
133.293,69.0,0,0,0
149.65200000000002,69.0,0,0,0
133.595,70.0,0,0,0
162.803,70.0,0,0,0
133.281,70.0,0,0,0
114.27,70.0,0,0,0
133.625,70.0,0,0,0
10.0,70.0,0,0,0
135.961,70.0,0,0,0
79.139,70.0,0,0,0
86.72200000000001,70.0,0,0,0
61.728,130.0,0,0,0
24.604,180.0,0,0,0
77.255,180.0,2,0,0
41.733999999999995,180.0,0,0,0
-16.392,180.0,0,0,0
58.361999999999995,180.0,0,0,0
47.232,181.0,0,0,0
64.977,181.0,0,0,0
155.55100000000002,177.0,0,0,0
45.516000000000005,155.0,0,0,0
147.612,153.0,0,0,0
84.441,154.0,0,0,0
139.601,163.0,0,0,0
139.547,163.0,0,0,0
139.52,161.0,0,0,0
139.52100000000002,162.0,0,0,0
139.495,161.0,1,0,0
136.237,163.0,0,0,0
112.251,66.0,0,0,0
89.348,72.0,0,0,0
33.684,72.0,0,0,0
159.17700000000002,72.0,0,0,0
65.007,71.0,0,0,0
71.09,72.0,0,0,0
33.209,72.0,0,0,0
90.823,72.0,0,0,0
70.45100000000001,72.0,0,0,0
20.0,72.0,0,0,0
7.612,72.0,0,0,0
36.521,72.0,0,0,0
86.18,72.0,0,0,0
83.906,72.0,0,0,0
127.51,72.0,0,0,0
125.193,71.0,0,0,0
191.46099999999998,73.0,0,0,0
192.162,72.0,0,0,0
204.32,72.0,0,0,0
171.93599999999998,72.0,0,0,0
204.395,73.0,0,0,0
204.421,72.0,0,0,0
204.395,72.0,0,0,0
171.96200000000002,72.0,0,0,0
146.512,72.0,0,0,0
77.23100000000001,109.0,0,0,0
10.0,221.0,0,0,0
135.634,98.0,0,0,0
45.743,72.0,0,0,0
46.50899999999999,73.0,0,0,0
7.944,73.0,0,0,0
78.497,73.0,0,0,0
146.363,72.0,0,0,0
13.0,87.0,0,0,0
20.615,215.0,0,1,0
1.048,72.0,0,0,0
53.053000000000004,71.0,0,0,0
84.165,72.0,0,0,0
71.587,72.0,0,0,0
85.279,66.0,0,0,0
108.699,66.0,0,0,0
127.52799999999999,67.0,1,0,0
139.539,66.0,0,0,0
139.537,67.0,0,0,0
139.564,67.0,0,0,0
139.53799999999998,67.0,0,1,0
171.894,67.0,1,0,0
139.46200000000002,67.0,0,0,0
139.488,67.0,0,0,0
118.699,66.0,0,0,0
7.0,67.0,0,0,0
204.41299999999998,67.0,0,0,0
74.785,67.0,0,0,0
139.575,67.0,0,0,0
107.14200000000001,67.0,0,0,0
77.133,66.0,0,0,0
193.477,64.0,0,0,0
3.0,75.0,0,0,0
72.715,183.0,0,0,0
33.649,183.0,0,0,0
54.071000000000005,183.0,0,0,0
72.464,183.0,0,0,0
114.682,60.0,0,0,0
99.786,66.0,0,0,0
120.79799999999999,65.0,0,0,0
159.863,66.0,0,0,0
139.466,66.0,0,0,0
171.873,66.0,0,0,0
171.847,67.0,0,0,0
139.441,65.0,0,0,0
171.822,66.0,0,1,0
139.442,65.0,0,0,0
139.416,66.0,0,0,0
95.839,66.0,0,0,0
37.673,66.0,0,0,0
84.72399999999999,66.0,0,0,0
77.068,66.0,0,0,0
109.478,66.0,0,0,0
77.071,66.0,0,0,0
92.427,79.0,0,0,0
87.215,181.0,0,0,0
96.03299999999999,181.0,0,0,0
52.391000000000005,181.0,1,0,0
10.193,181.0,0,0,0
65.865,181.0,0,0,0
94.06299999999999,181.0,0,0,0
125.06,76.0,0,0,0
101.59700000000001,66.0,0,0,0
152.91899999999998,66.0,0,3,0
162.704,66.0,0,2,0
139.436,66.0,0,0,0
139.43200000000002,66.0,0,0,0
171.83700000000002,66.0,0,0,0
171.83599999999998,66.0,0,0,0
171.83599999999998,66.0,1,0,0
139.429,66.0,0,0,0
172.345,66.0,0,0,0
75.598,66.0,0,0,0
50.83,66.0,0,0,0
34.455999999999996,66.0,0,0,0
50.0,67.0,0,0,0
-30.38,78.0,0,0,0
-52.074,180.0,0,0,0
-23.651,180.0,0,0,0
79.848,198.0,0,0,0
-102.402,205.0,0,0,0
-78.105,204.0,0,0,0
-47.92100000000001,183.0,0,0,0
-84.27600000000001,183.0,0,0,0
16.430999999999997,182.0,0,0,0
47.88,75.0,0,0,0
136.227,69.0,1,0,0
132.135,70.0,0,0,0
146.564,69.0,0,0,0
204.054,69.0,0,0,0
171.64700000000002,70.0,0,0,0
204.055,70.0,0,0,0
120.0,70.0,0,0,0
130.0,69.0,0,0,0
171.622,69.0,0,0,0
171.649,69.0,0,0,0
156.99200000000002,70.0,0,0,0
89.72200000000001,70.0,0,0,0
186.947,70.0,0,0,0
122.132,70.0,0,0,0
154.513,68.0,0,0,0
154.565,59.0,0,0,0
139.593,59.0,0,0,0
209.72799999999998,169.0,0,0,0
124.29,244.0,0,0,0
170.955,282.0,0,0,0
125.69200000000001,199.0,0,0,0
158.049,198.0,0,0,0
155.27,198.0,0,0,0
152.43200000000002,192.0,0,0,0
173.08,64.0,0,0,0
223.585,70.0,0,0,0
204.03400000000002,70.0,0,0,0
171.59799999999998,69.0,0,0,0
204.032,70.0,0,0,0
204.005,70.0,0,0,0
171.572,71.0,0,0,0
139.216,70.0,0,0,0
171.65,70.0,0,0,0
171.65,71.0,0,0,0
171.597,70.0,0,0,0
129.236,70.0,0,0,0
194.05200000000002,70.0,0,0,0
161.591,70.0,0,0,0
194.023,79.0,0,0,0
161.667,158.0,0,0,0
161.692,158.0,0,0,0
236.53799999999998,158.0,0,0,0
171.774,158.0,0,0,0
209.03400000000002,158.0,0,0,0
209.00799999999998,159.0,0,0,0
209.03400000000002,159.0,0,0,0
209.03400000000002,158.0,0,0,0
176.601,159.0,0,0,0
208.957,63.0,0,0,0
171.72299999999998,68.0,0,0,0
139.29,69.0,0,0,0
171.62,69.0,0,0,0
171.59400000000002,70.0,0,0,0
139.135,69.0,0,0,0
171.49,70.0,0,0,0
171.49099999999999,69.0,0,0,0
171.465,69.0,0,0,0
171.465,69.0,0,0,0
171.49200000000002,69.0,0,0,0
171.518,69.0,0,0,0
139.137,69.0,0,0,0
171.597,70.0,0,0,0
171.676,69.0,0,0,0
171.729,70.0,0,0,0
171.729,70.0,0,0,3
204.162,248.0,0,0,0
219.972,265.0,0,0,0
196.83900000000003,266.0,0,0,0
196.81,265.0,0,0,0
196.808,272.0,0,0,0
196.805,269.0,0,0,0
164.37,218.0,0,0,0
180.965,71.0,0,0,0
171.636,73.0,0,0,0
171.611,73.0,0,0,0
171.55900000000003,72.0,0,0,0
139.126,72.0,0,0,0
171.482,72.0,0,0,0
139.049,72.0,0,0,0
171.40400000000002,73.0,0,0,0
171.37900000000002,72.0,0,0,0
138.945,73.0,0,0,0
171.35299999999998,73.0,0,0,0
171.37900000000002,73.0,0,0,0
171.43200000000002,72.0,0,0,0
203.917,72.0,0,0,0
203.94400000000002,74.0,0,0,0
236.429,76.0,0,0,0
236.47799999999998,73.0,0,0,0
236.525,142.0,0,0,0
236.545,161.0,0,0,0
204.183,161.0,0,0,0
171.822,160.0,0,0,0
171.817,161.0,0,0,0
171.78799999999998,160.0,0,0,0
171.78799999999998,160.0,0,0,0
171.763,65.0,0,0,0
171.737,71.0,0,0,0
171.738,71.0,0,0,0
171.71200000000002,71.0,0,0,0
171.739,71.0,0,0,0
171.739,71.0,0,0,0
171.791,72.0,0,0,0
171.792,71.0,0,0,0
171.792,71.0,0,0,0
182.09400000000002,72.0,0,0,0
177.113,71.0,0,0,0
169.218,71.0,0,0,0
161.22899999999998,72.0,0,0,0
153.157,72.0,0,0,0
177.465,72.0,0,0,0
154.154,72.0,0,0,0
143.594,70.0,0,0,0
103.766,151.0,0,0,0
130.034,168.0,0,0,0
131.179,206.0,0,0,0
158.10399999999998,207.0,0,0,0
155.562,207.0,0,0,0
157.078,207.0,0,0,0
192.34599999999998,199.0,0,0,0
159.001,66.0,0,0,0
150.84,72.0,0,0,0
143.944,72.0,0,0,0
127.064,73.0,0,0,0
108.634,72.0,0,0,0
121.01100000000001,72.0,0,0,0
136.0,73.0,0,0,0
170.705,72.0,0,0,0
150.268,72.0,0,0,0
141.749,72.0,0,0,0
166.635,71.0,0,0,0
157.871,72.0,0,0,0
150.916,72.0,0,0,0
123.689,73.0,0,0,0
90.975,71.0,0,0,0
152.235,71.0,0,0,0
145.80100000000002,72.0,0,0,0
140.438,150.0,0,0,0
133.048,157.0,0,0,0
126.329,157.0,0,0,0
185.64700000000002,158.0,0,0,0
150.986,142.0,0,0,0
150.662,51.0,0,0,0
150.466,51.0,0,0,0
150.502,69.0,0,0,0
174.429,71.0,0,0,0
123.95100000000001,72.0,0,0,0
105.91799999999999,71.0,0,0,0
152.63,70.0,0,0,0
134.622,71.0,0,0,0
149.01,72.0,0,0,0
153.34,71.0,0,0,0
171.172,71.0,0,0,0
189.055,70.0,0,0,0
142.175,71.0,0,0,0
160.065,71.0,0,0,0
145.47899999999998,71.0,0,0,0
116.945,71.0,0,0,0
149.343,71.0,0,0,0
149.303,71.0,0,0,0
149.28799999999998,71.0,0,0,0
149.291,70.0,0,0,0
149.636,71.0,0,0,0
150.97,71.0,0,0,0
120.189,71.0,0,0,0
120.97200000000001,71.0,0,0,0
121.09899999999999,72.0,0,0,0
121.262,71.0,0,0,0
121.096,56.0,0,0,0
112.83200000000001,54.0,0,0,0
125.766,54.0,0,0,0
107.14,54.0,0,0,0
121.523,52.0,0,0,0
103.464,54.0,0,0,0
117.84299999999999,54.0,0,0,0
139.378,54.0,0,0,0
120.73100000000001,54.0,0,0,0
134.804,56.0,0,0,0
126.539,70.0,0,0,0
145.043,70.0,0,0,0
130.656,70.0,0,0,0
117.256,70.0,0,0,0
122.35700000000001,70.0,0,0,0
125.039,70.0,0,0,0
120.0,70.0,0,0,0
122.88799999999999,78.0,0,0,0
129.61700000000002,160.0,0,0,0
100.56299999999999,160.0,0,0,0
135.648,160.0,0,0,0
104.37200000000001,75.0,0,0,0
103.073,73.0,0,0,0
98.338,72.0,0,0,0
88.74700000000001,57.0,0,0,0
113.895,54.0,0,0,0
75.078,54.0,0,0,0
72.35,53.0,0,0,0
69.795,54.0,0,0,0
68.315,54.0,0,0,0
68.42399999999999,54.0,0,0,0
68.6,54.0,0,0,0
70.102,54.0,0,0,0
107.78299999999999,54.0,0,0,0
111.62100000000001,54.0,0,0,0
120.741,54.0,0,0,0
130.001,55.0,0,0,0
106.87700000000001,70.0,0,0,0
114.79700000000001,71.0,0,0,0
125.505,71.0,0,0,0
121.87,72.0,0,0,0
114.215,71.0,0,0,0
74.257,71.0,0,0,0
101.10799999999999,71.0,0,0,0
98.21600000000001,70.0,0,0,0
81.03399999999999,71.0,0,0,0
63.614,71.0,0,0,0
78.805,71.0,0,0,0
94.34899999999999,51.0,0,0,0
59.166000000000004,51.0,0,0,0
77.342,52.0,0,0,0
70.74600000000001,51.0,0,0,0
80.108,52.0,0,0,0
55.681000000000004,52.0,0,0,0
95.376,52.0,0,0,0
128.505,51.0,0,0,0
113.23299999999999,52.0,0,0,0
133.645,52.0,0,0,0
118.109,52.0,0,0,0
136.89700000000002,52.0,0,0,0
126.01,51.0,0,0,0
102.598,52.0,0,0,0
101.98,160.0,0,0,0
98.272,156.0,0,0,0
99.104,156.0,0,0,0
98.046,156.0,0,0,0
75.71300000000001,156.0,0,0,0
84.98700000000001,156.0,0,0,0
101.804,156.0,0,0,0
75.764,156.0,0,0,0
98.995,65.0,0,0,0
49.751000000000005,70.0,0,0,0
68.48100000000001,69.0,0,0,0
59.678999999999995,69.0,0,0,0
43.095,69.0,0,0,0
67.687,69.0,0,0,0
49.428999999999995,70.0,0,0,0
99.729,70.0,0,0,0
66.675,69.0,0,0,0
97.538,69.0,0,0,0
65.501,69.0,0,0,0
67.926,69.0,0,0,0
66.008,69.0,0,0,0
69.083,68.0,0,0,0
108.774,69.0,0,0,0
108.695,69.0,0,0,0
106.919,69.0,0,0,0
105.113,69.0,0,0,0
134.793,69.0,0,0,0
99.15899999999999,164.0,0,0,0
92.94200000000001,179.0,0,0,0
92.18799999999999,179.0,0,0,0
97.485,180.0,0,0,0
102.31299999999999,180.0,0,0,0
103.406,63.0,0,0,0
135.333,69.0,0,0,0
132.50799999999998,67.0,0,0,0
132.382,65.0,0,0,0
160.921,65.0,0,0,0
157.804,65.0,0,0,0
156.001,65.0,0,0,2
156.232,65.0,0,0,0
158.382,66.0,0,0,0
126.92399999999999,65.0,0,0,1
127.11200000000001,64.0,0,0,0
127.70200000000001,64.0,0,0,0
129.341,65.0,0,0,0
118.413,168.0,0,0,0
100.046,180.0,0,0,0
146.455,180.0,0,0,0
127.595,180.0,0,0,0
124.226,180.0,0,0,0
86.865,180.0,0,0,1
93.411,190.0,0,0,0
108.103,195.0,0,0,0
123.04700000000001,196.0,0,0,0
138.942,196.0,0,0,0
138.204,195.0,0,0,0
138.208,196.0,0,0,0
138.257,175.0,0,0,0
170.692,67.0,0,0,0
141.876,68.0,0,0,0
145.586,67.0,0,0,0
146.438,68.0,0,0,0
182.918,68.0,0,0,1
189.25400000000002,67.0,0,0,0
157.74200000000002,67.0,0,0,0
125.305,67.0,0,0,0
155.95600000000002,68.0,0,0,0
182.415,67.0,0,0,0
178.998,67.0,0,0,0
185.80900000000003,67.0,0,0,0
197.764,67.0,0,0,0
237.465,67.0,0,0,0
217.399,68.0,0,0,0
204.202,68.0,0,0,0
182.078,78.0,0,0,0
149.622,182.0,0,0,0
138.00799999999998,183.0,2,0,0
151.404,183.0,0,0,2
161.66,183.0,0,0,0
139.45,184.0,0,0,0
152.38,184.0,0,0,0
195.143,77.0,0,0,0
185.748,67.0,0,0,0
212.377,67.0,0,0,0
173.855,69.0,0,0,0
200.37900000000002,68.0,0,0,0
227.368,65.0,0,0,0
189.896,66.0,0,0,0
216.449,65.0,0,0,0
151.639,65.0,0,0,0
163.576,65.0,0,0,0
139.65,65.0,0,0,0
117.569,65.0,0,0,0
144.042,65.0,0,0,0
138.925,65.0,0,0,0
162.641,65.0,0,0,0
173.97400000000002,66.0,0,0,0
163.621,65.0,0,0,0
176.87400000000002,65.0,0,0,0
173.387,65.0,0,0,0
141.997,92.0,0,0,0
142.093,262.0,0,0,0
145.018,261.0,0,0,0
145.523,262.0,0,0,0
139.207,99.0,0,0,0
132.77,66.0,0,0,0
110.65899999999999,65.0,0,0,0
111.866,65.0,0,0,0
78.346,65.0,0,0,0
104.77799999999999,65.0,0,0,0
112.55799999999999,65.0,0,0,0
88.677,65.0,0,0,0
172.408,66.0,0,0,0
139.998,66.0,0,0,0
163.22299999999998,66.0,0,0,0
154.158,66.0,0,0,0
145.05700000000002,66.0,0,0,0
168.43200000000002,66.0,0,0,0
126.94,66.0,0,0,0
150.359,66.0,0,0,0
182.827,138.0,0,0,0
183.046,194.0,0,0,0
183.97099999999998,193.0,0,0,0
186.226,177.0,0,0,0
162.335,177.0,0,0,0
172.30200000000002,177.0,0,0,0
159.126,180.0,0,0,0
143.724,183.0,0,0,0
160.923,183.0,0,0,0
136.576,148.0,0,0,0
175.253,70.0,0,0,0
135.016,70.0,0,0,0
116.314,70.0,0,0,0
113.445,70.0,0,0,0
108.772,70.0,0,0,0
111.78299999999999,71.0,0,0,0
78.017,71.0,0,0,0
144.746,69.0,0,0,0
129.384,70.0,0,0,0
100.162,70.0,0,0,0
104.318,70.0,0,0,0
108.53399999999999,71.0,0,0,0
145.108,70.0,0,0,0
126.17,71.0,0,0,3
126.838,70.0,0,0,0
192.593,71.0,0,0,0
166.685,71.0,0,0,0
181.787,108.0,0,0,0
164.456,179.0,0,0,0
147.02700000000002,179.0,0,0,0
161.40200000000002,179.0,0,0,0
143.20600000000002,193.0,0,0,0
128.673,263.0,0,0,0
139.555,218.0,0,0,0
137.09799999999998,73.0,6,2,0
129.094,73.0,2,0,0
121.022,73.0,2,8,0
116.56,72.0,4,0,0
167.46599999999998,72.0,2,18,3
150.257,72.0,0,0,0
146.83700000000002,72.0,2,0,0
148.656,72.0,0,4,4
150.844,72.0,2,3,0
180.55599999999998,72.0,8,6,0
179.766,73.0,6,4,1
180.054,72.0,0,0,0
179.235,72.0,2,2,0
179.775,72.0,0,0,1
178.513,72.0,0,0,0
180.293,73.0,0,0,0
146.78,101.0,0,0,0
209.713,262.0,0,0,0
176.304,265.0,0,0,0
213.826,265.0,0,0,0
249.05200000000002,265.0,0,0,0
218.52200000000002,265.0,0,0,0
220.321,264.0,0,0,0
190.842,72.0,0,0,0
195.549,72.0,0,0,0
205.083,69.0,0,0,0
185.91299999999998,58.0,0,0,0
198.22,58.0,0,0,0
211.74900000000002,58.0,0,0,0
193.128,58.0,0,0,0
269.725,66.0,0,0,0
255.03400000000002,67.0,1,0,0
238.78400000000002,69.0,0,0,0
286.784,69.0,0,0,0
270.975,69.0,0,0,0
355.51199999999994,69.0,0,0,0
274.925,69.0,0,0,0
307.041,70.0,0,0,0
339.631,70.0,0,0,0
309.372,70.0,0,0,0
341.608,102.0,0,0,0
240.90200000000002,283.0,0,0,0
337.69800000000004,283.0,0,0,0
305.447,349.0,0,0,0
280.22900000000004,381.0,0,0,0
283.10200000000003,380.0,0,0,5
282.82,383.0,0,0,1
315.115,303.0,0,0,0
250.465,72.0,0,0,0
249.018,71.0,0,0,0
274.272,71.0,0,0,0
237.338,71.0,0,0,0
206.123,72.0,0,0,0
204.18,72.0,0,0,0
227.47,72.0,0,0,0
229.041,72.0,0,0,0
229.201,72.0,0,0,0
259.875,71.0,0,0,0
289.481,71.0,0,0,0
289.733,71.0,0,0,0
296.86,72.0,0,0,0
293.473,71.0,0,0,0
330.335,71.0,0,0,0
299.699,71.0,0,0,0
301.254,90.0,0,0,0
307.693,181.0,0,0,0
318.172,181.0,0,0,0
296.1,193.0,0,0,0
267.872,285.0,0,0,0
275.786,285.0,0,0,0
274.73400000000004,285.0,0,0,0
239.292,269.0,0,0,0
230.623,198.0,0,0,0
221.122,201.0,0,0,0
212.926,201.0,0,0,0
238.55700000000002,201.0,0,0,0
208.408,201.0,0,0,0
238.687,201.0,1,0,0
210.082,201.0,0,0,0
246.87099999999998,341.0,0,1,0
215.174,421.0,0,0,0
181.351,421.0,0,0,0
215.467,419.0,0,0,1
185.28799999999998,420.0,0,0,0
214.082,420.0,0,0,0
212.988,420.0,0,0,9
244.918,420.0,0,0,0
278.139,421.0,0,0,0
276.171,421.0,0,0,1
310.033,578.0,0,0,0
313.846,600.0,2,1,0
314.139,607.0,0,0,2
347.546,493.0,0,0,0
378.85900000000004,376.0,0,0,0
411.281,377.0,0,0,1
445.759,348.0,0,0,0
488.648,348.0,0,0,0
493.352,349.0,0,0,0
503.468,349.0,0,0,0
549.0930000000001,349.0,0,0,0
524.169,349.0,0,0,0
550.355,349.0,0,0,0
534.8580000000001,349.0,0,0,0
589.224,348.0,0,2,0
591.673,350.0,2,0,0
589.883,353.0,0,2,0
624.755,167.0,0,0,0
603.773,166.0,0,0,0
615.236,165.0,2,0,0
593.354,165.0,0,0,0
586.114,165.0,0,0,0
550.2769999999999,165.0,0,0,0
546.889,164.0,0,0,0
543.847,165.0,0,0,0
540.7769999999999,165.0,0,0,0
540.765,164.0,0,1,1
540.761,164.0,0,0,0
540.747,164.0,0,0,0
508.349,164.0,0,0,0
508.319,80.0,0,0,0
475.94300000000004,73.0,0,0,0
470.399,73.0,0,0,0
435.30300000000005,73.0,0,0,0
400.161,72.0,0,0,0
365.075,73.0,0,0,0
329.935,72.0,0,0,0
327.25,73.0,0,0,0
297.743,73.0,0,0,0
294.26,73.0,0,0,0
257.499,73.0,0,0,0
287.459,73.0,0,0,0
282.503,152.0,0,0,0
246.083,160.0,0,0,0
242.761,161.0,0,0,0
242.49400000000003,160.0,0,0,0
244.363,160.0,0,0,0
243.975,160.0,0,0,0
213.422,163.0,0,0,0
216.74599999999998,163.0,0,0,0
138.42600000000002,163.0,0,0,0
175.44400000000002,164.0,0,0,0
207.614,164.0,0,0,0
172.37099999999998,163.0,0,0,0
169.16099999999997,164.0,0,0,0
162.922,80.0,0,0,0
257.508,73.0,0,0,0
173.05900000000003,73.0,0,0,0
155.458,73.0,0,0,0
171.628,72.0,0,0,0
162.205,73.0,0,0,0
154.765,73.0,0,0,0
121.804,71.0,1,0,1
170.942,71.0,0,0,0
159.056,70.0,0,0,0
181.016,70.0,0,0,1
196.89,152.0,0,0,0
243.761,160.0,0,0,0
231.442,160.0,0,0,3
201.232,160.0,0,0,0
201.265,160.0,0,0,0
201.562,160.0,0,0,0
201.947,160.0,0,0,0
202.358,212.0,0,0,0
202.77700000000002,288.0,0,0,0
203.195,291.0,0,0,0
203.56599999999997,290.0,0,0,0
171.338,292.0,0,0,0
203.75599999999997,233.0,0,0,0
163.225,183.0,0,0,0
171.826,183.0,0,0,0
187.851,183.0,0,0,0
182.78799999999998,183.0,0,0,0
210.051,183.0,0,0,3
172.81799999999998,183.0,0,1,0
175.99400000000003,183.0,0,0,0
159.226,183.0,0,1,3
167.394,183.0,0,0,0
196.687,158.0,0,0,0
193.687,159.0,0,0,1
255.24900000000002,159.0,0,0,0
316.974,159.0,0,0,0
349.436,159.0,0,0,1
356.089,159.0,0,0,0
356.65,159.0,0,0,0
356.226,159.0,0,0,0
332.47,339.0,0,0,0
308.62,376.0,0,0,0
317.204,374.0,0,0,0
324.142,377.0,1,0,0
300.23,380.0,0,0,0
309.587,386.0,0,0,1
277.461,190.0,0,0,0
277.889,161.0,0,0,0
275.243,145.0,0,0,0
265.156,72.0,0,1,0
292.878,72.0,0,0,0
253.97299999999998,73.0,0,0,3
282.83299999999997,73.0,0,0,0
278.682,72.0,0,0,0
308.939,71.0,0,0,1
312.532,70.0,0,0,0
311.14,71.0,0,0,0
367.777,71.0,0,0,1
362.945,166.0,0,0,0
426.788,185.0,0,0,0
361.648,185.0,0,0,1
358.26300000000003,185.0,0,0,0
359.879,185.0,0,0,0
336.659,185.0,0,0,1
234.12599999999998,184.0,0,0,0
183.135,185.0,0,0,0
222.926,185.0,0,0,1
224.308,184.0,0,0,0
224.887,185.0,0,0,0
192.033,184.0,0,0,0
286.176,184.0,0,0,0
242.667,149.0,0,0,0
239.042,77.0,0,0,0
208.197,77.0,0,0,0
183.512,77.0,0,0,3
193.475,75.0,0,0,0
149.32399999999998,75.0,0,0,0
209.325,76.0,0,0,0
169.295,75.0,1,1,0
199.489,75.0,0,0,0
189.44400000000002,147.0,1,1,0
182.562,159.0,0,0,1
220.926,181.0,0,0,0
193.077,183.0,0,0,0
230.18900000000002,183.0,0,0,0
226.94099999999997,184.0,0,2,0
291.788,183.0,2,0,0
289.392,183.0,2,2,0
306.402,183.0,0,0,0
303.422,183.0,0,0,0
303.01099999999997,183.0,0,1,0
272.033,183.0,0,0,0
239.352,183.0,0,0,0
238.34,183.0,0,0,0
236.69799999999998,183.0,0,0,0
202.37599999999998,150.0,0,0,0
234.61900000000003,76.0,0,0,0
227.761,76.0,0,1,0
244.22099999999998,75.0,0,0,0
260.58099999999996,76.0,0,0,0
245.395,75.0,0,0,0
262.909,75.0,0,0,0
228.791,76.0,1,0,0
278.908,75.0,0,0,0
269.26099999999997,147.0,0,0,0
293.138,161.0,0,0,0
317.536,186.0,0,0,0
339.906,188.0,0,0,0
314.66,187.0,0,0,0
312.198,246.0,0,0,0
315.16,290.0,0,0,0
282.369,289.0,0,0,0
282.131,289.0,0,0,0
253.16400000000002,185.0,0,0,0
255.345,182.0,0,0,0
254.378,182.0,0,0,0
217.825,182.0,0,0,0
215.97099999999998,182.0,0,0,0
213.97099999999998,182.0,0,0,0
211.96599999999998,309.0,0,0,0
241.67,326.0,0,0,0
231.37,326.0,0,0,0
274.585,326.0,0,0,0
285.379,326.0,0,0,0
295.67400000000004,326.0,0,0,0
336.70300000000003,330.0,0,0,0
331.37,328.0,0,0,0
345.339,325.0,0,0,0
353.39,324.0,0,0,0
361.45,324.0,0,0,0
369.24800000000005,324.0,0,0,0
348.00300000000004,323.0,0,0,0
370.473,324.0,0,0,0
378.749,324.0,0,0,0
372.711,323.0,0,0,0
431.379,324.0,0,0,0
425.54400000000004,187.0,0,0,0
448.81699999999995,186.0,0,0,0
444.02,186.0,0,0,0
475.55400000000003,186.0,0,0,0
507.91900000000004,185.0,0,0,0
443.10400000000004,185.0,0,0,0
472.16,186.0,0,0,0
486.355,153.0,0,0,0
467.2,72.0,1,0,0
450.527,72.0,0,0,0
401.527,72.0,0,0,0
449.251,73.0,0,0,0
433.525,72.0,0,0,0
404.205,72.0,0,0,0
407.764,72.0,0,0,0
375.49699999999996,73.0,0,0,0
373.412,170.0,0,0,0
306.916,195.0,0,0,0
307.23900000000003,202.0,0,0,0
272.175,202.0,0,0,0
268.684,202.0,0,0,0
265.842,203.0,0,0,0
235.641,203.0,0,0,0
269.437,202.0,0,0,0
204.68400000000003,203.0,0,0,0
205.364,203.0,0,0,0
189.13,203.0,0,0,0
174.673,203.0,0,0,0
185.59,181.0,0,0,0
164.13,71.0,0,0,0
213.892,71.0,0,0,0
196.051,71.0,0,0,0
212.71900000000002,72.0,0,0,0
212.15599999999998,72.0,0,0,0
215.77700000000002,72.0,0,0,0
220.317,72.0,0,0,0
187.278,71.0,0,0,0
252.57299999999998,71.0,0,0,0
250.856,72.0,0,0,0
267.462,71.0,0,0,0
283.779,147.0,0,0,0
269.745,161.0,0,0,0
317.53700000000003,161.0,0,0,0
269.409,161.0,0,0,0
272.132,161.0,0,0,0
238.297,161.0,0,0,0
241.359,161.0,0,0,0
272.38599999999997,161.0,0,0,0
209.481,161.0,0,0,0
221.838,161.0,0,0,0
174.27599999999998,161.0,0,0,0
228.382,90.0,0,0,0
180.93599999999998,73.0,0,0,0
154.44299999999998,73.0,0,0,0
192.549,73.0,0,0,0
187.78400000000002,73.0,0,0,0
210.105,73.0,0,0,1
164.822,73.0,0,0,0
185.715,73.0,0,0,0
186.465,73.0,0,0,1
188.602,73.0,0,0,0
187.764,74.0,0,0,0
218.541,74.0,1,1,1
217.18200000000002,74.0,0,0,0
214.672,73.0,0,0,0
236.815,73.0,0,0,0
204.146,73.0,0,0,0
236.892,73.0,0,0,0
207.359,73.0,0,0,0
201.868,74.0,0,1,0
196.66299999999998,74.0,0,0,0
185.058,73.0,0,0,0
188.72400000000002,74.0,0,0,0
173.412,73.0,0,0,0
150.21,73.0,0,0,0
238.673,152.0,0,0,0
215.429,265.0,0,0,0
187.601,266.0,1,0,0
191.47400000000002,217.0,0,0,0
150.623,74.0,0,0,0
181.03900000000002,74.0,0,0,0
107.775,73.0,0,0,0
145.85399999999998,73.0,0,0,0
171.815,74.0,0,0,0
139.35299999999998,74.0,0,0,0
171.734,74.0,0,0,0
171.71099999999998,73.0,1,1,0
139.33,74.0,0,0,0
147.35399999999998,74.0,0,0,0
163.41899999999998,73.0,0,0,0
174.80900000000003,71.0,0,0,0
192.202,70.0,0,0,0
176.718,70.0,0,0,0
225.886,70.0,0,0,0
202.407,70.0,0,0,0
203.592,71.0,0,0,0
203.515,249.0,0,0,0
201.13400000000001,281.0,0,0,0
225.88299999999998,284.0,0,0,0
185.72799999999998,285.0,0,0,0
201.71099999999998,286.0,0,0,0
175.993,286.0,0,0,0
189.422,232.0,0,0,0
155.203,76.0,0,0,0
145.918,76.0,0,0,0
169.312,75.0,0,0,0
136.351,75.0,0,0,0
112.435,74.0,0,0,0
120.124,74.0,0,0,0
139.304,74.0,0,0,0
155.253,73.0,0,0,0
173.03599999999997,75.0,0,0,0
221.30200000000002,91.0,0,0,0
270.566,182.0,0,0,0
249.713,182.0,0,0,0
300.494,182.0,0,0,0
268.99,182.0,0,0,0
268.4,182.0,0,0,0
238.88400000000001,182.0,0,0,0
239.755,182.0,0,0,0
247.544,197.0,0,0,0
194.78599999999997,199.0,0,0,0
159.734,201.0,0,0,0
180.71900000000002,202.0,0,0,0
210.984,202.0,0,0,0
177.42700000000002,202.0,0,0,0
174.637,77.0,0,0,0
159.33700000000002,70.0,0,0,0
221.298,69.0,0,0,0
183.12,168.0,0,0,0
166.585,183.0,0,0,0
182.44,184.0,0,0,1
198.293,184.0,0,0,0
215.62,184.0,0,0,0
220.084,184.0,0,0,1
238.153,184.0,1,0,0
259.17900000000003,183.0,0,3,0
296.48900000000003,184.0,0,0,0
225.955,184.0,0,0,0
268.675,164.0,0,0,0
239.25099999999998,160.0,0,0,0
235.65200000000002,160.0,0,0,0
192.671,160.0,0,0,0
196.518,178.0,0,0,0
277.02099999999996,266.0,0,0,0
248.493,265.0,0,0,0
272.81,265.0,1,1,0
299.147,266.0,0,0,0
289.295,264.0,0,0,0
296.413,265.0,0,0,0
272.143,264.0,0,0,0
274.822,88.0,0,0,0
246.72,71.0,0,0,0
205.91400000000002,71.0,0,0,0
237.671,72.0,0,0,0
231.012,72.0,0,0,0
249.94400000000002,70.0,0,0,0
200.666,72.0,0,0,0
277.375,71.0,0,0,0
298.238,119.0,0,0,0
357.555,262.0,0,0,0
305.375,262.0,0,0,0
263.98,261.0,0,0,0
394.759,262.0,0,0,0
284.39,265.0,0,0,0
286.573,265.0,0,0,0
248.563,265.0,0,0,0
256.872,265.0,0,0,0
302.909,197.0,0,0,0
178.833,197.0,0,0,0
228.498,197.0,0,0,0
233.752,197.0,0,0,0
197.949,197.0,0,0,0
184.239,197.0,0,0,0
198.847,191.0,0,0,0
210.833,162.0,0,0,0
233.832,160.0,0,0,0
229.93599999999998,159.0,0,0,0
256.358,159.0,0,0,0
249.692,159.0,0,0,0
240.22099999999998,160.0,0,0,0
305.317,160.0,0,0,0
338.675,160.0,0,0,0
295.163,160.0,0,1,0
301.16900000000004,193.0,0,0,0
312.499,201.0,0,0,0
265.21,980.0,0,0,0
312.83299999999997,1056.0,0,0,0
212.61700000000002,201.0,0,0,0
297.39799999999997,199.0,0,0,0
235.68900000000002,197.0,0,0,0
239.37599999999998,197.0,0,0,0
297.075,197.0,0,0,0
194.956,197.0,0,0,0
233.755,197.0,0,0,0
146.931,197.0,0,0,0
255.90200000000002,197.0,0,0,0
254.208,197.0,1,0,0
222.06,197.0,0,4,0
216.675,171.0,2,0,0
289.861,163.0,2,2,5
302.795,163.0,2,0,0
239.425,163.0,2,2,0
306.676,163.0,0,2,3
334.83099999999996,163.0,2,0,0
364.022,163.0,0,2,0
317.214,163.0,2,0,0
348.749,163.0,0,0,0
368.98900000000003,163.0,0,0,0
288.562,164.0,0,0,0
261.973,1008.0,0,0,0
319.948,163.0,0,0,0
308.19599999999997,163.0,0,0,0
329.99300000000005,162.0,0,0,0
242.63400000000001,161.0,0,0,0
311.58299999999997,161.0,0,0,0
353.961,161.0,0,0,0
267.191,160.0,0,0,0
279.033,268.0,0,0,0
273.019,290.0,0,0,0
328.506,291.0,0,0,0
273.32,292.0,0,0,0
230.21,264.0,0,0,0
268.65,170.0,0,0,0
278.377,200.0,0,0,0
267.753,200.0,0,0,0
270.225,199.0,0,0,0
308.455,200.0,0,0,0
345.152,200.0,0,0,0
308.038,200.0,0,0,0
344.27,200.0,0,0,0
345.76,200.0,0,0,0
382.56699999999995,206.0,0,0,0
382.746,266.0,0,0,0
382.051,370.0,0,0,0
417.787,1339.0,0,0,0
344.36800000000005,1337.0,0,0,0
379.64599999999996,265.0,0,0,0
343.11300000000006,267.0,0,0,0
362.298,265.0,0,0,0
356.45,1106.0,0,0,0
323.165,1106.0,0,0,0
357.226,268.0,0,0,0
312.875,270.0,0,0,0
355.49199999999996,269.0,0,0,0
347.07599999999996,269.0,0,0,0
351.626,267.0,0,0,0
385.36800000000005,168.0,0,0,0
388.858,163.0,0,0,0
396.086,161.0,0,0,0
388.702,160.0,0,0,0
377.392,160.0,0,0,0
378.466,191.0,0,0,0
378.153,370.0,0,0,0
377.64,370.0,0,0,0
379.20599999999996,369.0,0,0,0
390.649,373.0,0,0,0
366.528,376.0,0,0,0
403.60699999999997,373.0,0,14,0
349.615,172.0,0,0,0
335.408,162.0,0,0,0
311.624,162.0,0,0,0
239.512,184.0,20,0,0
272.182,203.0,0,0,0
266.207,204.0,0,0,0
264.407,204.0,0,0,0
295.503,204.0,1,0,0
302.441,204.0,0,0,0
370.337,204.0,0,0,0
415.835,204.0,0,0,0
348.61400000000003,204.0,0,0,0
404.75,188.0,0,0,0
351.371,187.0,0,0,1
367.019,187.0,0,0,0
361.255,187.0,0,0,0
306.113,187.0,0,2,0
340.647,187.0,1,0,0
303.089,187.0,0,0,0
338.86,187.0,2,2,2
377.81,187.0,4,0,0
285.182,187.0,0,0,0
295.51099999999997,187.0,0,2,4
272.467,187.0,0,2,0
322.501,187.0,4,0,0
320.64599999999996,187.0,4,2,0
219.835,187.0,2,0,0
301.124,187.0,2,0,0
232.886,187.0,2,0,0
261.067,201.0,0,0,0
255.055,286.0,0,0,0
194.1,285.0,1,1,0
199.92,285.0,0,0,0
234.514,285.0,0,0,0
280.279,286.0,0,0,0
258.138,261.0,0,0,0
233.40099999999998,183.0,0,1,0
279.884,184.0,0,0,0
351.444,183.0,1,0,0
351.80699999999996,183.0,2,12,0
385.538,184.0,2,4,1
424.381,184.0,0,0,0
495.167,183.0,0,0,8
493.496,183.0,0,1,4
533.045,183.0,0,0,0
501.31699999999995,183.0,1,1,0
551.964,183.0,0,0,0
487.82599999999996,183.0,0,0,0
462.77099999999996,183.0,0,0,0
479.418,183.0,0,0,1
497.23,183.0,0,0,0
447.24199999999996,183.0,0,0,0
400.69599999999997,183.0,0,0,0
462.657,205.0,0,0,0
441.856,322.0,0,0,0
435.786,323.0,0,0,0
381.17800000000005,322.0,0,0,0
448.14099999999996,323.0,0,0,0
440.14099999999996,323.0,0,0,0
468.19800000000004,323.0,0,0,0
442.166,323.0,0,0,0
501.555,322.0,0,0,0
519.737,323.0,0,0,0
532.389,322.0,0,0,0
538.799,322.0,0,0,0
568.138,322.0,0,0,0
571.513,321.0,0,0,0
578.814,320.0,0,0,0
567.6030000000001,325.0,0,0,0
599.192,202.0,0,0,0
586.0790000000001,204.0,0,0,0
552.9590000000001,204.0,0,0,0
614.61,204.0,0,0,0
594.9259999999999,204.0,0,0,0
582.612,204.0,0,0,0
631.061,204.0,0,0,0
568.15,204.0,0,0,0
583.754,204.0,0,0,0
534.861,204.0,0,0,0
532.391,204.0,0,0,0
520.23,204.0,0,0,0
490.29900000000004,204.0,0,0,0
547.211,204.0,0,0,0
479.125,204.0,0,0,0
463.595,204.0,0,0,0
439.495,204.0,0,0,0
453.038,204.0,0,0,0
393.63800000000003,200.0,0,0,0
400.75199999999995,200.0,0,0,0
423.54,200.0,0,0,0
426.858,200.0,0,0,0
420.625,199.0,0,0,0
415.333,221.0,0,0,0
371.20099999999996,322.0,0,0,0
386.931,322.0,0,0,0
373.00699999999995,322.0,0,0,0
454.524,322.0,0,0,0
408.06199999999995,323.0,0,0,0
471.967,322.0,0,0,0
464.76300000000003,321.0,0,0,0
414.98900000000003,322.0,0,0,0
357.358,205.0,0,0,0
288.631,209.0,0,0,0
278.671,209.0,0,0,0
205.232,209.0,0,0,0
359.75699999999995,209.0,0,0,0
340.668,209.0,0,0,0
428.32,209.0,0,0,0
455.57800000000003,186.0,0,0,0
563.155,185.0,0,0,0
579.217,185.0,0,0,0
478.205,185.0,0,0,0
571.25,180.0,0,0,0
559.049,181.0,0,0,0
519.639,181.0,0,0,0
480.11,244.0,0,0,0
386.85,287.0,1,0,0
435.56,263.0,0,0,0
342.14599999999996,263.0,0,0,0
310.4,268.0,0,0,0
315.882,265.0,0,0,0
301.622,264.0,0,0,2
369.39,263.0,0,0,0
268.401,264.0,0,0,0
274.235,262.0,0,0,0
287.046,262.0,0,0,0
257.393,263.0,0,0,0
319.54400000000004,262.0,0,0,0
315.003,262.0,0,0,0
373.121,262.0,0,0,0
435.35,241.0,0,0,0
433.88300000000004,185.0,0,0,0
496.20099999999996,161.0,0,0,0
448.715,159.0,0,0,0
486.385,159.0,0,0,0
450.184,159.0,0,0,0
442.153,159.0,0,0,0
461.54699999999997,159.0,0,0,0
420.406,159.0,0,0,0
433.029,159.0,0,0,0
350.952,159.0,0,0,0
384.70599999999996,197.0,0,0,0
390.935,200.0,0,0,0
329.93,200.0,0,0,0
403.903,200.0,0,0,0
316.985,200.0,0,0,0
318.128,200.0,0,0,0
278.339,201.0,0,0,0
246.114,200.0,0,0,0
245.665,200.0,0,0,0
149.333,200.0,0,0,0
155.57299999999998,200.0,0,0,0
243.97,200.0,0,0,0
217.00900000000001,200.0,0,0,0
178.36,200.0,0,0,0
241.197,200.0,0,0,0
219.44099999999997,185.0,0,0,0
269.657,181.0,0,0,1
231.68200000000002,181.0,0,0,0
253.108,183.0,0,0,0
305.85900000000004,183.0,0,0,0
229.523,183.0,0,0,0
318.01099999999997,183.0,0,0,0
309.51099999999997,183.0,0,0,0
342.277,183.0,0,0,0
309.895,199.0,0,0,0
279.467,200.0,0,0,0
327.899,200.0,0,0,0
352.889,199.0,0,0,0
312.34,200.0,0,0,0
268.298,199.0,0,0,0
275.255,200.0,0,0,0
287.413,200.0,0,0,0
299.672,200.0,0,0,0
247.511,199.0,0,0,0
256.677,201.0,0,0,0
274.115,201.0,0,0,0
276.848,201.0,0,0,0
301.55,200.0,0,0,0
306.246,200.0,0,0,0
269.347,165.0,0,0,0
304.462,161.0,0,0,0
269.454,162.0,0,0,0
347.336,161.0,0,0,0
299.173,162.0,0,0,0
289.284,162.0,0,0,0
323.197,161.0,0,0,0
323.448,161.0,0,0,0
367.721,161.0,0,0,0
322.843,160.0,0,0,0
328.30199999999996,83.0,0,0,0
353.381,266.0,0,0,0
403.635,86.0,0,0,0
362.858,70.0,0,0,0
332.20099999999996,70.0,0,0,0
330.855,70.0,0,0,0
369.914,70.0,0,0,0
251.87599999999998,164.0,0,0,0
219.46200000000002,181.0,0,0,0
251.179,183.0,0,0,0
264.022,183.0,0,0,0
297.892,183.0,0,0,0
227.6,182.0,0,0,0
334.37699999999995,183.0,0,0,0
250.269,162.0,0,0,0
258.038,158.0,0,0,0
232.15099999999998,158.0,0,0,0
179.755,158.0,0,0,0
237.795,158.0,0,0,0
160.14600000000002,158.0,0,0,0
219.987,158.0,0,0,0
147.924,158.0,0,0,0
198.622,158.0,0,0,0
182.64,158.0,0,0,0
175.407,158.0,0,0,0
162.945,157.0,0,0,0
233.24400000000003,158.0,0,0,0
241.96200000000002,157.0,0,0,0
190.238,158.0,0,0,0
205.74599999999998,158.0,0,0,0
210.215,157.0,0,0,0
283.689,158.0,0,0,0
214.51,158.0,0,0,0
237.813,159.0,2,0,0
245.298,159.0,0,0,0
279.475,161.0,0,0,0
280.209,162.0,0,8,3
272.563,162.0,10,4,0
299.425,162.0,4,6,0
298.032,163.0,6,6,5
315.408,162.0,2,0,0
310.53,162.0,2,2,0
308.515,163.0,2,2,1
347.336,162.0,2,2,0
290.112,163.0,0,0,0
331.73199999999997,159.0,1,1,0
356.861,159.0,0,0,0
374.76199999999994,211.0,0,0,0
400.055,279.0,0,0,0
331.954,279.0,0,0,0
383.829,279.0,0,0,0
401.57,278.0,0,0,0
400.94599999999997,279.0,0,0,0
367.903,279.0,0,0,0
382.531,279.0,0,0,0
400.195,160.0,0,0,0
440.12,551.0,0,0,0
378.73900000000003,515.0,0,0,0
418.931,516.0,0,0,0
463.68699999999995,516.0,0,0,0
491.465,515.0,0,0,0
512.311,473.0,0,0,0
486.852,376.0,0,0,0
562.8290000000001,393.0,0,0,0
570.368,482.0,0,0,0
578.299,485.0,0,0,0
552.379,483.0,0,0,0
628.369,483.0,0,0,0
672.165,483.0,0,0,0
716.1139999999999,483.0,1,0,0
728.296,482.0,0,1,0
770.4889999999999,498.0,0,0,0
838.743,593.0,0,2,3
796.796,595.0,0,0,0
810.829,618.0,0,0,0
787.09,730.0,0,0,1
757.56,731.0,0,0,0
735.6189999999999,731.0,0,0,0
679.7330000000001,731.0,0,0,0
728.44,739.0,0,0,0
692.395,745.0,0,0,0
767.155,744.0,1,1,0
777.1110000000001,744.0,0,0,0
842.956,605.0,0,0,0
884.722,600.0,0,0,0
895.505,569.0,0,0,0
946.7439999999999,536.0,0,0,0
933.257,541.0,0,0,0
989.623,541.0,0,0,0
982.61,541.0,0,0,0
966.299,543.0,0,0,0
1005.194,545.0,0,0,0
1026.792,545.0,0,0,0
1048.328,594.0,0,0,0
1045.847,600.0,0,0,0
1028.656,599.0,0,0,0
1015.7339999999999,600.0,0,0,0
960.918,604.0,0,0,0
962.312,603.0,0,0,0
922.5880000000001,603.0,0,0,0
870.1669999999999,538.0,0,0,0
817.408,331.0,0,0,0
851.424,325.0,0,0,0
838.065,325.0,0,0,0
856.784,326.0,0,0,0
734.3969999999999,326.0,0,0,0
780.179,326.0,0,0,0
830.852,327.10801289999995,0,0,0
802.311,329.4967716,0,0,0
808.7080000000001,333.1756513,0,0,0
717.444,338.14465210000003,0,0,0
770.3489999999999,344.403774,0,0,0
802.154,351.2558894,1,0,0
685.569,354.5182328,0,0,0
671.625,353.4936765,0,0,1
578.401,348.18222060000005,2,1,0
590.134,338.583865,0,2,0
565.205,325.0,2,1,1
451.065,323.0,0,0,0
494.566,408.0,2,0,0
493.749,410.0,0,0,0
425.985,409.0,0,0,0
450.841,409.0,0,0,0
432.417,409.0,0,0,0
505.091,413.0,0,0,0
453.6,414.0,0,0,0
374.527,413.0,0,0,1
485.474,412.0,0,0,0
458.455,413.0,0,0,0
454.10400000000004,412.0,1,0,0
380.917,413.0,0,1,0
466.981,415.0,0,0,0
555.748,377.0,0,0,0
552.837,376.0,0,0,0
503.11400000000003,350.0,0,0,0
569.793,351.0,0,0,0
640.803,351.0,0,0,0
636.874,353.0,0,0,0
623.672,350.0,0,0,0
656.687,351.0,0,0,0
616.914,351.0,0,0,0
644.446,351.0,0,0,0
620.781,350.0,0,0,0
609.515,337.0,0,0,0
651.547,351.0,0,0,0
552.07,350.0,0,0,0
745.1569999999999,351.0,0,0,0
619.5319999999999,351.0,0,0,0
616.34,354.0,0,0,0
561.225,373.0,0,0,0
600.371,377.0,0,0,0
601.271,378.0,0,0,0
472.475,378.0,0,0,0
558.321,377.0,0,0,0
600.8919999999999,377.0,0,0,0
603.904,376.0,0,0,0
502.836,376.0,0,0,0
534.36,336.0,0,0,0
564.818,203.0,0,0,0
559.712,202.0,0,0,0
520.181,198.0,0,0,0
523.36,198.0,0,0,0
566.129,197.0,0,0,0
615.047,197.0,1,0,0
646.9,198.0,6,2,0
604.1,199.0,2,1,11
631.4630000000001,199.0,0,0,0
644.1569999999999,199.0,0,0,0
620.0169999999999,199.0,0,0,2
586.942,199.0,0,0,0
487.836,199.0,0,0,0
518.76,199.0,0,0,0
429.289,199.0,0,0,0
396.42900000000003,199.0,0,0,0
349.67199999999997,199.0,0,0,0
271.83099999999996,281.0,0,0,0
337.26099999999997,287.0,0,0,0
244.90900000000002,288.0,0,0,0
290.698,288.0,0,0,0
263.153,287.0,0,0,0
327.815,288.0,0,1,0
403.68800000000005,287.0,0,0,0
335.791,186.0,0,0,0
433.42,184.0,0,0,0
357.336,184.0,0,0,0
474.575,185.0,0,0,0
430.99699999999996,185.0,2,0,0
454.474,184.0,0,0,0
473.395,184.0,0,0,0
470.59,256.0,0,0,0
521.091,264.0,0,0,0
519.626,264.0,0,0,0
515.289,264.0,0,0,0
474.38599999999997,265.0,0,0,0
533.369,268.0,0,0,0
440.284,266.0,0,2,1
488.019,266.0,0,0,12
458.50800000000004,266.0,0,0,0
479.704,266.0,0,2,14
494.54900000000004,266.0,2,4,0
500.907,267.0,0,2,0
672.5219999999999,266.0,8,2,2
712.7869999999999,266.0,0,8,0
725.867,267.0,2,0,0
801.4810000000001,267.0,2,0,1
869.168,267.0,0,0,0
932.937,267.0,0,0,0
976.1160000000001,267.0,0,0,0
1030.262,267.0,0,0,0
1115.296,268.0,0,0,0
1125.086,266.0,0,0,0
1190.389,266.0,0,0,0
1191.572,266.0,0,0,0
1194.234,266.0,1,0,0
1158.869,266.0,0,0,0
1206.219,265.0,0,0,0
1213.847,270.0,0,0,0
1178.279,192.0,0,0,0
1162.171,161.0,0,0,0
1111.809,161.0,0,0,0
1070.359,163.0,0,0,9
986.2289999999999,162.0,0,0,0
945.27,161.0,0,0,0
945.025,258.0,0,0,0
861.857,268.0,0,0,0
819.202,269.0,0,0,0
821.84,268.0,0,0,0
781.255,270.0,0,0,0
739.4,268.0,0,0,0
698.793,268.0,0,0,0
697.867,187.0,0,0,0
685.45,186.0,0,0,0
634.29,186.0,0,0,0
651.605,186.0,0,0,0
668.922,186.0,0,0,0
644.238,186.0,0,0,0
662.9689999999999,187.0,0,0,0
694.133,187.0,0,0,0
718.666,186.0,0,0,0
701.1519999999999,260.0,0,0,0
702.212,267.0,0,0,0
739.289,264.0,0,0,0
697.442,262.0,0,0,0
697.4639999999999,261.0,0,0,0
614.178,261.0,0,0,0
590.019,340.0,0,0,0
567.0369999999999,483.0,0,0,0
552.072,484.0,0,0,0
534.955,483.0,0,0,0
469.515,483.0,0,0,0
503.033,484.0,0,0,0
585.908,485.0,0,0,0
548.372,407.0,0,0,0
