1017.518,745.32,0,0,0
1055.685,748.96,0,0,0
1015.188,748.86,0,0,0
1079.708,748.26,0,0,0
1075.635,753.85,0,0,0
1120.275,624.0,0,0,0
1104.404,615.5,0,0,0
1036.6589999999999,610.95,0,0,0
1052.576,608.6,0,0,0
1022.18,735.04,0,0,0
995.513,747.9,0,0,0
961.081,737.1,0,0,0
953.336,657.86,0,0,0
990.685,643.7,0,0,0
975.185,609.29,0,0,0
960.117,616.11,0,0,0
938.1360000000001,619.49,0,0,0
969.294,649.7,0,0,0
891.882,661.75,0,0,0
871.378,660.75,0,0,0
866.302,722.24,0,0,0
827.89,746.24,0,0,0
829.311,663.95,0,0,0
791.954,647.3,0,0,0
851.551,647.77,0,0,0
895.6569999999999,539.2,0,0,0
877.431,531.65,0,0,0
885.355,531.85,0,0,0
849.82,531.88,0,0,0
797.316,530.67,0,0,0
787.862,530.79,0,0,0
770.488,531.12,0,0,0
815.961,507.67,0,0,0
860.977,298.76,0,0,0
725.328,221.04,0,0,0
915.3560000000001,496.89,0,0,0
715.427,557.61,0,0,0
754.27,494.09,0,0,0
830.612,223.27,0,0,0
727.082,222.03,0,0,0
795.1619999999999,306.5,0,0,0
618.0740000000001,432.05,0,0,0
799.953,431.71,0,0,0
725.279,504.0,0,0,0
556.1080000000001,639.35,0,0,0
632.698,663.2,0,0,0
491.647,551.34,0,0,0
462.691,517.65,0,0,0
539.823,517.55,0,0,0
460.25300000000004,441.0,0,0,0
606.526,435.21,0,0,0
562.7819999999999,435.68,0,0,0
634.8480000000001,434.99,0,0,0
666.64,434.57,0,0,0
595.672,434.3,0,0,0
684.512,434.85,0,0,0
703.193,438.21,0,0,0
727.5939999999999,442.87,0,0,0
729.086,321.69,0,0,0
807.936,272.8,0,0,0
756.48,291.28,0,0,0
746.22,272.38,0,0,0
629.36,272.31,0,0,0
640.396,301.7,0,0,0
652.881,434.56,0,0,0
543.5219999999999,435.79,0,0,0
561.586,434.9,0,0,0
571.528,434.79,0,0,0
624.831,482.7,0,0,0
585.283,487.61,0,0,0
641.789,487.51,0,0,0
631.685,487.44,0,0,0
647.002,487.5,0,0,0
606.34,363.43,0,0,0
655.043,349.97,0,0,0
632.295,349.4,0,0,0
570.016,350.45,0,0,0
619.809,350.1,0,0,0
612.11,348.99,0,0,0
656.529,350.01,0,0,0
629.161,350.28,0,0,0
691.625,350.15,0,0,0
687.5089999999999,372.26,0,0,0
679.447,376.67,0,0,0
713.153,375.39,0,0,0
659.326,375.95,0,0,0
684.166,376.78,0,0,0
661.7189999999999,375.67,0,0,0
639.99,375.32,0,0,0
600.46,375.37,0,0,0
593.455,375.24,0,0,0
547.326,375.21,0,0,0
507.98800000000006,375.51,0,0,0
530.731,375.23,0,0,0
516.922,376.82,0,0,0
547.008,375.57,0,0,0
483.88300000000004,375.94,0,0,0
517.148,335.94,0,0,0
542.1569999999999,329.51,0,0,0
476.541,329.19,0,0,0
505.834,327.6,0,0,0
530.235,328.46,0,0,0
537.262,328.12,0,0,0
545.668,326.97,0,0,0
577.649,327.5,0,0,0
577.4259999999999,324.59,0,0,0
521.371,302.8,0,0,0
463.07,270.38,0,0,0
405.233,270.66,0,0,0
499.043,267.64,0,0,0
371.30199999999996,266.93,0,0,0
380.478,266.65,0,0,0
401.879,267.01,0,0,0
375.95300000000003,267.47,0,0,0
441.75300000000004,449.93,0,0,0
294.248,488.93,0,0,0
353.56800000000004,493.69,0,0,0
387.61,493.55,0,0,0
266.491,493.79,0,0,0
361.527,493.55,0,0,0
270.801,497.53,0,0,0
333.597,309.52,0,0,0
295.776,270.74,0,0,3
261.332,271.09,0,0,0
468.702,270.55,0,0,2
368.909,270.92,0,0,2
441.815,270.86,1,0,0
445.291,270.36,0,6,0
567.6659999999999,270.49,2,1,0
571.761,270.36,0,0,1
485.215,291.1,0,1,0
454.523,292.6,0,0,1
459.668,292.95,0,0,0
550.273,293.55,0,0,0
376.325,292.85,0,0,0
404.125,292.5,0,0,0
367.764,292.0,0,0,0
377.923,291.25,0,0,0
511.538,290.25,0,0,0
298.653,290.05,0,0,0
317.91900000000004,290.9,0,1,0
373.42400000000004,291.0,0,0,0
345.214,290.2,0,0,0
385.526,290.15,0,0,0
266.226,290.2,0,0,0
406.19300000000004,176.89,0,0,0
500.11800000000005,165.37,0,0,0
358.779,166.12,0,0,0
496.211,166.46,0,0,0
522.28,166.66,0,0,0
483.64300000000003,166.98,0,0,0
487.231,166.75,0,0,0
467.536,161.37,0,0,0
512.563,293.81,0,0,0
451.325,401.36,0,0,0
463.815,375.73,0,0,0
382.26199999999994,375.7,0,0,0
346.92400000000004,317.86,0,0,0
301.415,289.85,0,0,0
359.473,289.4,0,0,0
294.714,289.24,0,0,0
247.43,288.93,0,0,0
330.348,289.32,0,0,0
272.722,290.36,0,0,0
150.30200000000002,288.15,0,0,0
180.417,288.03,0,0,0
137.914,288.14,0,0,0
139.31,288.55,0,0,0
153.334,288.46,0,0,0
128.297,292.41,0,0,0
399.30300000000005,293.09,0,0,0
254.674,292.09,0,0,0
332.36,293.39,0,0,0
374.036,292.87,0,0,0
387.88,293.09,0,0,0
410.56300000000005,292.56,0,0,0
352.473,292.9,0,0,0
411.29699999999997,292.75,0,0,0
485.75,289.4,0,0,1
440.059,268.38,0,0,0
441.369,162.66,0,0,0
507.412,163.16,0,0,0
476.751,163.31,0,0,0
485.246,163.39,0,0,0
480.712,161.23,0,0,0
506.538,160.48,0,8,0
477.069,271.61,0,0,0
476.79400000000004,287.1,0,0,0
420.647,291.8,0,0,0
410.64599999999996,289.95,0,0,0
373.356,289.1,0,0,1
397.365,289.7,0,0,0
429.99300000000005,289.1,0,0,1
430.283,228.12,0,0,1
486.379,209.7,0,2,2
496.35400000000004,209.83,0,0,1
533.634,209.93,4,0,1
533.565,209.83,0,0,1
533.548,210.24,0,0,0
507.231,209.83,0,0,1
551.794,259.9,1,1,0
514.104,287.67,0,0,0
498.787,287.26,0,0,0
469.533,287.19,0,0,0
505.42900000000003,286.48,0,0,0
515.71,286.33,0,0,0
458.31,286.79,1,0,1
463.277,286.78,0,0,0
510.966,287.56,4,0,0
505.78,287.2,0,0,0
444.504,288.25,0,0,0
443.62800000000004,290.15,0,0,0
464.61300000000006,290.15,0,1,0
500.6,288.75,0,0,0
388.26,275.8,0,0,0
422.668,200.95,0,0,1
448.059,226.84,0,0,2
464.897,211.02,0,0,2
489.125,211.89,0,0,0
453.449,211.93,0,0,0
533.352,211.86,0,0,0
533.1619999999999,210.84,0,0,0
565.484,315.03,0,0,0
565.518,373.72,0,0,0
514.232,373.5,0,0,0
546.0790000000001,372.94,0,0,0
521.433,373.03,0,0,0
486.667,373.5,0,0,0
344.402,310.89,0,0,1
357.84,286.18,0,0,1
324.83799999999997,285.59,0,0,2
252.40599999999998,285.56,0,0,0
273.465,335.86,0,0,0
234.123,407.45,0,0,0
301.83099999999996,510.92,0,0,0
217.305,509.55,0,0,0
180.122,518.32,0,1,0
247.41400000000002,421.06,0,0,0
200.765,413.12,0,0,0
361.858,408.76,0,0,0
371.662,408.18,0,0,0
442.777,304.59,0,0,0
564.2669999999999,272.79,0,0,0
569.918,273.23,0,0,0
620.155,273.17,0,0,0
565.735,273.43,2,0,0
636.948,273.14,0,0,0
655.587,272.5,0,0,0
677.817,271.32,1,0,0
717.405,270.72,0,0,2
568.6759999999999,270.4,0,0,1
563.43,312.4,0,0,0
523.4019999999999,513.3,0,0,0
483.216,311.26,0,0,0
351.3,272.45,0,0,0
308.432,272.5,0,0,0
352.986,272.16,0,0,0
362.342,266.68,0,0,0
327.2,351.78,0,0,0
249.351,349.27,0,0,0
316.723,349.48,0,0,0
148.236,307.21,0,0,0
247.69400000000002,270.99,0,0,0
340.86300000000006,270.1,0,0,0
279.983,269.53,0,0,0
411.73900000000003,221.0,0,0,0
421.67400000000004,211.05,0,0,0
625.703,210.9,0,0,0
630.44,210.91,1,0,0
500.773,209.89,0,0,0
630.41,208.11,0,0,0
606.016,208.43,0,0,0
630.503,208.47,0,1,0
592.7769999999999,208.42,0,0,0
540.855,325.9,0,0,0
517.355,448.25,0,0,0
475.973,488.89,0,0,0
500.35699999999997,487.56,0,0,0
443.46,488.38,0,0,0
416.54400000000004,489.14,0,0,0
468.465,490.03,0,0,0
492.015,489.59,0,0,0
499.61199999999997,573.2,0,0,0
406.403,596.5,0,0,0
404.621,600.02,0,0,0
424.94800000000004,600.63,0,0,0
415.163,599.59,0,0,0
415.096,601.89,0,0,0
416.478,605.89,0,0,0
477.259,394.14,0,0,0
543.81,354.07,0,0,0
588.31,354.3,0,0,0
611.536,354.1,0,0,0
664.238,353.35,0,0,0
718.6110000000001,353.46,0,0,0
753.362,353.17,0,0,0
766.115,352.72,0,0,0
743.595,353.54,0,0,0
734.727,353.6,0,0,0
743.56,354.35,0,0,0
668.503,263.24,0,0,0
747.29,188.88,0,0,0
689.643,189.37,0,0,0
695.1189999999999,189.83,0,0,0
645.661,186.65,0,0,0
603.904,185.94,0,0,0
688.273,258.69,0,0,0
541.814,270.34,0,0,0
489.13199999999995,316.91,0,0,0
451.1,438.44,0,0,0
497.792,443.65,0,0,0
405.14599999999996,308.21,0,0,0
386.414,273.87,0,0,0
386.93300000000005,270.37,0,0,0
452.14,268.31,0,0,0
442.356,275.13,0,0,0
440.51099999999997,275.27,0,0,0
480.98199999999997,273.65,0,0,0
413.35900000000004,255.51,0,0,0
407.392,163.99,0,0,0
403.171,164.08,0,0,0
406.425,163.51,0,0,0
342.406,161.28,0,0,0
341.586,162.21,0,0,0
381.065,163.25,0,0,0
303.987,163.56,0,0,0
298.867,163.73,0,0,0
348.611,163.74,0,0,0
340.88800000000003,97.66,0,0,0
338.564,55.8,0,0,0
282.495,136.04,0,0,0
398.842,438.59,0,0,0
386.691,439.25,0,0,0
306.19,439.6,0,0,0
299.362,320.54,0,0,0
227.632,274.48,0,0,0
331.727,274.5,0,0,0
233.692,199.95,0,0,0
287.578,187.22,0,0,0
282.702,187.33,0,0,0
328.954,187.52,0,0,0
403.858,187.42,0,0,0
339.015,187.67,0,0,0
371.355,187.48,0,0,0
355.284,187.2,0,0,0
321.93,187.25,0,0,0
362.235,187.02,0,0,0
397.148,187.2,0,0,0
313.258,186.63,0,0,0
352.782,186.6,0,0,0
400.163,186.52,0,0,0
368.80400000000003,186.75,0,0,0
351.22,186.84,0,0,0
279.21,187.05,0,0,0
349.971,186.92,0,0,0
335.00300000000004,187.08,0,0,0
211.5,187.09,0,0,0
312.126,187.5,0,0,0
288.08799999999997,187.13,0,0,0
262.556,187.1,0,0,0
280.675,186.57,0,0,0
248.5,165.92,0,0,0
333.04400000000004,163.99,0,0,0
309.818,164.12,0,0,0
278.709,164.16,0,0,0
341.338,164.5,0,0,0
336.381,164.58,0,0,0
376.439,164.63,0,0,0
328.77099999999996,164.54,0,0,0
335.094,159.54,0,0,0
375.465,159.32,0,0,0
335.505,159.63,0,0,0
300.72900000000004,159.67,0,0,0
272.26099999999997,159.85,0,0,0
289.84,159.78,0,0,0
267.546,160.11,0,0,0
170.3,159.85,0,0,0
218.765,164.04,0,0,0
201.017,209.65,0,0,0
188.28400000000002,209.94,0,0,0
141.04,209.87,0,0,4
127.62200000000001,209.6,0,0,0
233.885,211.58,0,0,0
112.90799999999999,212.0,0,0,12
182.34099999999998,212.19,0,0,9
309.778,165.24,0,0,6
347.468,160.27,0,0,6
448.83099999999996,160.87,0,0,2
450.898,160.85,0,0,4
613.253,160.73,0,0,0
613.366,160.73,0,0,0
612.68,160.63,0,0,0
633.3969999999999,160.45,0,0,0
600.884,176.65,0,0,0
625.736,162.34,0,0,0
624.232,162.13,0,0,0
623.2819999999999,161.23,0,0,0
649.234,161.75,0,0,0
599.732,161.75,0,0,0
696.572,161.35,0,0,0
662.365,161.65,0,0,0
591.732,162.05,0,0,0
656.378,161.26,0,0,0
565.695,161.78,0,0,0
575.057,162.38,0,0,0
481.724,161.64,0,0,0
475.68699999999995,161.87,0,0,0
499.10900000000004,162.43,0,0,0
431.564,161.87,0,0,0
436.72900000000004,160.67,0,0,0
462.661,161.9,0,0,0
464.767,162.25,0,0,0
453.218,162.37,0,0,0
469.18800000000005,162.39,0,0,0
441.335,160.34,0,0,0
398.585,162.54,0,0,0
393.038,161.9,0,0,0
400.722,161.55,0,0,0
361.472,163.52,0,0,0
312.889,164.49,0,0,0
331.816,164.55,0,0,0
355.954,164.7,0,0,0
289.726,164.66,0,0,0
281.482,164.94,0,0,0
330.962,164.94,0,0,0
344.153,164.31,0,0,0
214.155,164.54,0,0,0
179.24,164.54,0,0,0
186.19299999999998,164.26,0,0,0
126.704,164.27,0,0,0
137.95600000000002,164.4,0,0,0
162.15200000000002,163.44,0,0,0
213.68200000000002,164.68,0,0,0
225.605,113.5,0,0,0
336.93,75.85,0,0,0
328.17199999999997,76.3,0,0,0
300.741,76.4,0,0,0
283.866,76.42,0,0,0
336.666,76.4,0,0,0
299.94599999999997,76.27,0,0,0
317.718,76.45,0,0,0
299.818,74.9,0,0,0
213.67,146.43,0,0,0
341.17900000000003,163.4,0,0,0
229.63,162.8,0,0,0
319.806,158.48,0,0,0
172.62900000000002,240.3,0,0,0
216.352,289.09,0,0,0
251.43599999999998,289.53,0,0,0
141.711,291.05,0,0,0
246.25,291.75,0,0,0
176.726,335.66,0,0,0
176.985,326.16,2,22,0
112.915,323.45,0,0,0
183.315,324.36,0,0,0
53.183,327.39,0,0,0
154.713,327.45,0,0,0
146.14600000000002,374.68,0,0,1
244.33900000000003,380.39,0,0,0
286.268,381.51,0,0,3
248.769,380.81,2,2,0
370.459,379.39,0,0,1
325.95099999999996,379.0,0,0,1
353.85900000000004,379.56,0,0,0
362.05199999999996,378.42,1,1,0
421.417,378.35,0,0,0
457.249,198.23,0,0,0
464.83099999999996,161.96,0,0,0
437.908,162.49,0,0,0
490.48,162.1,0,0,0
436.526,162.53,0,0,0
486.06,162.51,0,0,0
492.034,162.04,0,0,0
480.392,162.2,0,0,0
515.0459999999999,162.25,0,0,0
441.231,162.04,0,0,0
509.702,162.18,0,0,0
512.997,162.24,0,0,0
517.099,162.75,0,0,0
521.054,162.54,0,0,1
521.156,162.66,1,8,3
545.231,162.54,12,6,2
580.482,162.72,10,0,1
533.629,162.78,4,6,0
512.0319999999999,163.24,8,2,0
538.7090000000001,160.33,0,0,0
492.985,158.87,2,4,0
497.19,248.04,2,2,0
430.906,390.16,0,1,1
355.82,391.9,0,0,0
369.745,391.22,2,0,0
317.19599999999997,391.55,0,0,0
277.33,391.56,0,0,0
334.20599999999996,391.18,0,0,0
328.158,391.96,0,0,2
370.954,392.57,0,0,0
388.952,395.48,0,0,1
408.16900000000004,395.6,0,0,0
498.315,302.23,0,0,0
441.76599999999996,270.18,0,0,0
454.88800000000003,270.0,0,2,0
490.038,270.33,0,0,0
522.359,270.14,0,0,0
555.77,270.03,0,0,0
563.879,269.28,0,0,0
601.315,224.87,0,0,0
657.4739999999999,219.93,0,0,0
674.783,220.41,0,0,0
688.857,220.61,0,0,0
698.3639999999999,220.81,0,0,0
722.32,221.01,0,0,0
705.08,221.34,0,0,0
706.278,221.21,0,0,0
667.9739999999999,218.93,0,0,0
665.409,265.5,0,0,0
615.8240000000001,269.79,0,0,0
537.2090000000001,269.7,0,0,0
580.587,269.75,0,0,0
533.049,269.63,0,0,0
527.664,269.7,0,0,0
463.727,268.13,0,0,0
514.227,266.97,0,0,0
524.082,319.47,0,0,0
458.824,488.2,0,0,0
420.57800000000003,488.65,0,0,0
413.01800000000003,489.95,0,0,0
396.338,492.8,0,0,0
355.776,491.55,0,0,0
352.741,491.41,0,0,0
352.98800000000006,308.73,0,0,0
427.29900000000004,270.89,0,0,0
408.93800000000005,271.08,0,0,0
437.101,270.97,0,0,0
484.904,268.64,0,0,0
446.68199999999996,265.53,0,0,0
523.614,266.02,0,0,0
464.44300000000004,265.95,0,0,0
502.53,266.21,0,0,0
520.744,222.5,0,0,0
511.67400000000004,218.68,0,0,0
579.894,218.34,0,0,0
521.173,218.57,0,0,0
530.931,345.79,0,0,0
585.518,346.45,0,0,0
509.154,350.88,0,0,0
542.48,347.0,0,0,0
517.118,346.34,0,0,0
502.43800000000005,345.6,0,0,0
483.094,349.72,0,0,0
400.449,349.1,0,0,0
466.17699999999996,400.58,0,0,0
402.449,406.6,0,0,0
334.06300000000005,407.45,0,0,0
332.59,249.38,0,0,0
403.38,212.23,0,0,0
408.619,211.4,0,0,0
378.06800000000004,211.3,0,0,0
412.398,211.0,0,0,0
422.996,211.43,0,0,0
492.73900000000003,213.19,0,0,0
435.61,212.76,0,0,0
449.662,208.85,0,0,0
423.76300000000003,207.28,0,0,0
449.23,206.35,0,0,0
450.733,206.06,0,0,0
443.805,207.58,0,0,0
406.46,208.43,0,0,0
425.79900000000004,208.79,0,0,0
453.555,208.56,0,0,0
389.351,208.54,0,0,0
391.918,209.12,0,0,0
380.709,244.26,0,0,1
318.07099999999997,349.67,0,0,1
272.264,349.74,0,0,0
272.75,366.04,0,0,0
212.19799999999998,429.65,0,2,0
308.613,430.05,2,0,1
257.48900000000003,251.98,0,0,1
347.707,213.77,0,0,3
355.02,211.87,0,0,6
370.356,209.76,0,0,0
424.267,209.74,0,0,0
373.925,210.01,0,2,1
389.54699999999997,209.68,0,0,0
363.11300000000006,212.75,1,0,1
372.903,212.35,0,0,0
327.001,212.85,0,0,0
397.31300000000005,213.05,0,0,1
366.17900000000003,212.9,0,0,0
351.87699999999995,213.15,0,0,1
373.961,212.8,0,0,3
482.342,212.7,0,0,4
479.139,213.05,1,4,3
452.98400000000004,212.75,2,0,2
482.31300000000005,212.8,0,0,2
503.67900000000003,213.1,0,0,0
475.68800000000005,213.15,1,0,0
429.652,213.6,0,0,1
448.954,213.15,0,0,0
451.645,213.25,0,0,0
441.538,213.15,0,0,0
422.91,192.73,0,0,0
473.861,163.97,0,0,1
403.611,163.7,0,0,0
466.741,164.02,0,0,0
458.24,163.7,0,0,0
464.756,163.23,0,0,0
473.39599999999996,163.28,0,0,0
496.642,163.47,0,0,1
510.25699999999995,163.32,0,0,2
503.435,164.45,0,0,1
451.418,163.23,0,0,0
466.619,163.6,0,0,1
444.594,162.81,0,0,1
410.14,162.53,0,0,1
465.06,162.48,0,0,0
361.039,162.9,0,2,0
446.89300000000003,162.72,0,0,2
377.279,210.9,1,2,0
430.14,215.15,0,0,1
394.06199999999995,215.15,0,0,0
355.925,215.4,0,0,0
440.779,215.6,0,0,0
335.556,215.5,0,0,0
421.819,215.0,0,0,0
327.885,182.17,0,0,0
408.199,163.51,0,0,0
392.60699999999997,163.73,0,0,0
358.844,164.5,0,0,0
373.80699999999996,164.37,0,0,0
334.108,165.04,0,0,0
404.469,165.35,0,0,0
399.416,165.43,0,1,0
402.348,295.47,0,0,1
422.569,361.65308419999997,0,0,1
460.651,340.9013463,0,0,0
493.455,294.1,0,0,0
455.94300000000004,238.29,0,0,0
418.147,211.6,0,0,0
376.538,211.45,0,0,0
400.855,211.35,0,0,0
448.89300000000003,211.1,0,0,0
360.31300000000005,211.76,0,0,0
437.505,211.28,0,0,0
380.736,329.79,0,0,0
421.045,402.78,0,0,0
422.409,402.37,0,0,0
332.142,404.81,0,0,0
434.165,404.97,0,0,0
374.665,379.55,0,0,0
442.55,377.55,0,0,0
419.986,378.35,0,0,0
431.645,378.35,0,0,0
492.43199999999996,377.8,0,0,0
458.43800000000005,378.35,0,0,0
463.528,378.15,0,0,0
443.934,378.95,0,0,0
485.39599999999996,377.3,0,0,0
495.631,333.71,0,0,0
459.37699999999995,323.45,0,0,0
448.954,324.28,0,0,0
479.14,326.23,0,0,0
509.908,388.42,0,0,0
525.742,402.48,0,0,0
513.873,404.4,0,0,0
535.786,404.05,0,0,0
532.896,403.25,0,0,0
545.986,402.65,0,0,0
546.118,403.54,0,0,0
529.538,404.58,0,0,0
568.305,411.0,0,0,0
506.786,409.46,0,0,0
595.125,252.23,0,0,0
539.344,316.5,0,0,0
532.761,329.73,0,0,0
527.783,329.68,0,0,0
498.199,330.11,0,0,0
562.104,330.16,0,0,0
484.24300000000005,302.38,0,0,0
528.054,330.4,0,0,0
551.7230000000001,330.25,0,0,0
618.221,327.45,0,0,0
565.4169999999999,326.54,0,0,0
569.351,325.87,0,0,0
583.332,323.72,0,0,0
570.826,323.05,0,0,0
493.466,323.58,0,0,0
523.531,323.58,0,0,0
514.751,323.41,0,0,0
516.545,353.19,0,0,0
524.364,327.44,0,0,0
513.153,326.99,0,0,0
537.462,328.69,0,0,0
403.62199999999996,330.02,0,0,0
495.657,329.41,0,0,0
430.74300000000005,328.9,0,0,0
435.14,328.85,0,0,0
426.8,278.72,0,0,0
462.0,216.25,0,0,0
385.6,214.25,0,0,0
320.3,214.35,0,0,0
375.88,211.7,0,0,0
407.39,210.7,0,0,0
360.33,214.7,0,0,0
411.103,213.65,0,0,0
467.51099999999997,213.35,0,0,0
437.32599999999996,191.6,0,0,0
421.32300000000004,187.37,0,0,0
398.709,186.8,0,0,0
410.152,187.37,0,0,0
388.88800000000003,186.34,0,0,0
401.731,184.43,0,0,0
367.115,184.76,0,0,0
393.65,185.3,0,0,0
319.02099999999996,303.79,0,0,0
374.155,323.5,0,0,0
373.665,323.67,0,0,1
281.9,324.4,0,0,0
392.769,323.86,0,0,0
256.845,322.87,0,0,0
322.47,324.09,0,0,0
318.093,327.01,0,0,0
310.77,325.84,0,0,0
352.96,326.88,0,0,0
282.947,328.07,0,0,0
373.309,327.89,0,0,0
332.44599999999997,327.34,0,0,0
270.867,326.72,0,0,0
290.903,326.27,0,0,0
285.406,276.91,0,0,0
290.187,164.01,0,0,0
317.003,164.59,0,0,0
301.17900000000003,165.37,0,0,0
385.463,165.0,0,0,0
383.876,164.17,0,0,0
415.10699999999997,164.99,0,0,0
425.106,164.35,0,0,0
470.781,164.94,0,0,0
489.75800000000004,164.65,0,0,0
468.457,306.24,0,0,0
479.19199999999995,328.95,0,0,0
490.606,332.85,0,0,0
503.19,321.23,0,0,0
472.559,166.23,0,0,0
502.35699999999997,165.73,0,0,0
472.031,161.99,0,0,0
471.74300000000005,161.96,0,0,0
462.315,162.15,0,0,0
389.452,162.0,0,0,0
347.74,162.05,0,0,0
312.769,162.29,0,0,0
316.763,162.34,0,0,0
276.427,162.53,0,0,0
288.347,162.95,0,0,0
308.572,162.95,0,0,0
380.07,163.32,0,0,0
217.59799999999998,162.95,0,0,0
346.176,163.23,0,0,0
357.11699999999996,162.95,0,0,0
292.259,163.27,0,0,0
354.945,163.35,0,0,0
274.277,163.7,0,0,0
470.394,309.7,0,0,0
306.91200000000003,329.04,0,0,0
241.1,334.03,0,0,0
288.703,333.04,0,0,0
253.96599999999998,332.15,0,0,0
239.43400000000003,232.99,0,0,0
175.832,161.77,0,0,0
190.59599999999998,163.92,0,0,0
287.54900000000004,161.66,0,0,0
273.955,162.06,0,0,0
267.377,158.82,0,0,0
267.586,157.68,0,0,0
253.403,157.34,0,0,0
314.059,157.69,0,0,0
258.42900000000003,157.93,0,0,0
255.43,161.87,0,0,0
280.562,135.3,0,0,0
338.224,250.26,0,0,0
389.63599999999997,268.29,0,0,0
350.84,268.52,0,0,0
375.44800000000004,268.35,0,0,0
376.22900000000004,268.41,0,0,0
317.10400000000004,268.26,0,0,0
322.63,268.4,0,12,0
254.94400000000002,268.31,6,4,0
246.687,268.3,0,0,1
230.16099999999997,268.45,2,1,0
216.123,397.49,0,0,1
270.64799999999997,409.05,0,0,0
228.65900000000002,410.1,0,0,0
326.514,409.16,0,0,0
299.128,208.04,0,0,0
316.236,164.85,0,0,0
363.414,165.8,0,0,0
340.44,165.6,0,0,0
356.88800000000003,165.45,0,0,0
345.0,165.5,0,0,0
422.064,165.69,0,0,0
438.945,166.01,0,0,0
421.73900000000003,165.89,0,0,0
475.205,165.96,0,0,0
528.797,166.42,0,0,0
524.9119999999999,163.42,0,0,0
525.013,259.88,0,0,0
525.04,266.68,0,0,0
527.43,266.79,0,0,0
497.32800000000003,266.31,0,0,0
492.079,266.7,0,0,0
375.37199999999996,266.7,0,0,0
428.61,317.06,0,0,0
356.587,485.92,0,0,0
332.07,488.62,0,0,0
327.18,490.08,0,0,0
252.511,490.91,0,0,0
332.621,493.37,0,0,0
187.81400000000002,375.79,0,0,0
244.792,356.06,0,0,0
256.01,356.11,0,0,0
246.143,356.34,0,0,0
292.409,356.74,0,0,0
190.135,356.46,0,0,0
321.022,355.65,0,0,0
360.105,355.48,0,0,0
374.37,355.33,0,0,0
345.978,355.35,0,0,0
390.522,355.35,0,0,0
550.83,354.45,0,0,0
480.759,354.35,0,0,0
461.18800000000005,354.5,0,0,0
498.967,354.8,0,0,0
560.633,354.1,0,0,0
553.307,353.9,0,0,0
388.80300000000005,354.75,0,0,0
502.337,354.4,0,0,0
475.546,354.5,0,0,0
392.615,354.3,0,0,0
456.592,356.25,0,0,0
369.045,358.25,0,0,0
568.107,358.7,0,0,0
444.58,200.29,0,0,0
520.252,164.16,0,0,0
583.76,164.15,0,0,0
520.043,164.5,0,0,0
585.61,164.63,0,0,0
537.599,164.39,0,0,0
572.2230000000001,164.52,0,0,0
538.493,164.69,0,0,0
492.551,162.76,0,0,0
467.779,243.77,0,0,0
472.03,267.6,0,0,0
440.588,267.56,0,0,0
383.75199999999995,267.72,0,0,0
384.704,267.49,0,0,0
413.21,267.3,0,0,0
416.759,267.49,0,0,0
345.12800000000004,267.91,0,0,0
363.407,268.11,0,0,0
370.88800000000003,268.14,0,0,0
302.586,268.23,0,0,0
238.799,268.04,0,0,0
243.735,268.23,0,0,0
229.985,268.04,0,0,0
243.24200000000002,268.18,0,0,0
244.028,222.38,0,0,0
328.275,218.24,0,0,0
330.478,218.41,0,0,0
334.108,218.16,0,0,0
355.287,218.48,0,0,0
360.98199999999997,218.22,0,0,0
384.301,218.51,0,0,0
397.384,218.95,0,0,0
435.977,265.77,0,0,2
428.215,289.65,0,2,3
467.505,289.7,0,2,5
266.452,292.25,0,0,4
405.11199999999997,269.7,0,0,10
373.716,267.59,0,0,0
394.31300000000005,267.39,0,0,0
364.218,267.41,2,0,0
307.671,267.42,0,0,0
471.736,218.22,0,0,0
351.33,209.3,0,0,0
344.856,209.5,0,1,0
397.811,211.7,0,0,0
344.89099999999996,212.4,0,0,0
357.62199999999996,212.4,0,0,0
425.59,212.25,0,0,1
403.68699999999995,170.08,0,0,0
434.594,162.42,0,0,0
409.587,162.26,0,0,1
474.853,162.41,10,8,1
485.153,162.3,6,2,1
432.19300000000004,162.32,4,2,0
423.306,162.23,0,0,0
435.49699999999996,162.32,1,1,0
325.971,162.68,0,0,0
427.19699999999995,180.94,0,0,0
354.78,184.99,0,0,0
352.601,184.86,0,0,0
379.645,185.41,0,0,0
350.653,185.52,0,0,0
383.7,185.46,0,0,0
317.122,185.74,0,0,0
331.214,185.64,0,0,0
325.64799999999997,185.67,0,0,0
306.23900000000003,185.53,0,0,0
273.688,185.53,0,0,0
278.29400000000004,185.43,0,0,0
256.585,185.36,0,0,0
244.798,185.27,0,0,0
333.869,185.33,0,0,0
283.485,257.52,0,0,0
344.42699999999996,266.81,0,0,0
406.536,269.36,0,0,0
421.985,270.6,0,0,0
474.773,270.42,0,0,0
378.798,270.34,0,0,0
405.532,270.19,0,0,0
393.964,270.13,0,0,0
356.389,257.09,0,0,0
339.815,187.78,0,0,0
342.85400000000004,188.06,0,0,0
301.23,188.41,0,0,0
353.06800000000004,189.1,0,0,0
316.36,188.74,0,0,0
309.605,188.43,0,0,0
285.379,189.11,0,0,0
170.935,189.5,0,0,0
257.798,374.85,0,0,0
213.63299999999998,407.25,0,0,0
205.477,407.55,0,0,0
183.299,407.65,0,0,0
143.616,407.3,0,0,0
354.595,407.8,0,0,0
316.617,407.9,0,0,0
321.10900000000004,407.5,0,0,0
379.01199999999994,408.95,0,0,0
408.319,408.3,0,0,0
467.02,407.6,0,0,0
353.86800000000005,405.6,0,0,0
376.144,407.9,0,0,0
361.457,406.05,0,0,0
410.115,404.1,0,0,0
392.615,403.6,0,0,0
439.176,402.95,0,0,0
461.543,356.07,0,0,0
432.835,353.04,0,0,0
534.753,352.25,0,0,0
451.759,352.45,0,0,0
536.544,351.14,0,0,0
457.583,350.5,0,0,0
467.51300000000003,351.26,0,0,0
421.16,349.93,0,0,0
513.349,300.94,0,0,0
499.154,275.31,0,0,0
383.55,271.8,0,0,0
535.56,266.79,0,0,0
467.55800000000005,266.85,0,0,0
585.724,266.84,0,0,0
418.035,294.45,0,0,0
458.32199999999995,296.35,0,0,0
554.444,296.6,0,0,0
430.57199999999995,296.7,0,0,0
508.311,296.8,0,0,0
450.588,296.8,0,0,0
501.916,296.45,0,0,0
475.755,296.9,0,0,0
424.527,296.6,0,0,0
418.676,296.55,0,0,0
404.87699999999995,296.4,0,0,0
228.984,296.8,0,0,0
291.086,296.9,0,0,0
229.50599999999997,296.4,0,0,0
232.112,281.35,0,0,1
242.4,189.96,0,0,25
156.001,184.97,2,6,3
397.985,185.37,8,10,1
305.376,185.58,6,2,1
363.61800000000005,456.83,2,2,0
525.3340000000001,492.95,0,0,0
570.688,500.15,0,2,0
693.74,498.95,0,0,0
676.0319999999999,503.05,0,0,0
730.178,464.53,0,0,0
751.2310000000001,436.4,0,0,0
776.09,436.05,0,0,0
797.2389999999999,437.7,0,0,0
825.944,435.25,0,0,0
857.857,433.15,0,0,0
823.574,469.82,0,0,0
1000.446,632.75,1,1,0
914.692,634.4,0,0,0
968.15,635.75,0,0,0
997.443,640.25,0,0,0
1036.596,639.3,0,0,0
1112.236,639.5,0,0,0
1035.864,639.3,0,0,0
1059.49,639.6,0,0,0
1093.627,639.4,0,0,0
1010.852,640.4,0,0,0
1042.786,584.07,0,0,0
1010.4119999999999,580.41,0,0,0
995.067,579.22,0,0,0
934.3919999999999,580.9,0,0,0
935.248,585.95,0,0,0
903.198,585.76,0,0,0
985.355,510.9,0,0,0
1010.546,384.88,0,0,0
1025.182,383.9,0,0,0
1100.92,384.96,0,0,0
1042.249,383.63,0,0,0
1170.677,383.42,0,0,0
1003.2180000000001,383.35,0,0,0
994.0219999999999,381.85,0,0,0
1010.975,318.96,0,0,0
1002.3530000000001,215.2,0,0,0
1029.604,215.8,0,0,0
1026.096,215.75,0,0,0
955.637,216.1,0,0,0
1023.079,216.15,0,0,0
968.809,216.3,0,0,0
908.5369999999999,318.21,0,0,0
844.06,328.94,0,0,0
742.595,328.14,0,0,0
805.7769999999999,454.22,0,0,0
661.21,463.38,0,0,0
603.441,463.4,0,0,0
562.018,463.49,0,0,0
561.038,462.25,0,0,0
560.768,461.59,0,0,0
526.0169999999999,462.61,0,0,0
493.111,464.93,0,0,0
484.173,333.31,0,0,0
459.32599999999996,333.12,0,0,0
416.039,332.8,0,0,0
447.689,333.32,0,0,0
484.673,332.36,0,0,0
482.1,328.3,0,0,0
546.057,327.36,0,0,0
613.308,327.79,0,0,0
656.2760000000001,395.2,0,0,0
656.1619999999999,401.41,0,0,0
655.143,401.14,0,0,0
721.4780000000001,402.14,0,0,0
679.048,400.99,0,0,0
673.701,403.89,0,0,0
673.89,408.2,0,0,0
643.577,407.74,0,0,0
610.192,366.8,0,0,0
579.489,356.35,0,0,0
572.7180000000001,354.8,0,0,0
539.879,356.25,0,0,0
500.62699999999995,244.85,0,0,0
503.74699999999996,165.39,0,0,0
507.905,165.76,0,0,0
506.824,165.79,0,0,3
514.993,165.84,0,0,11
541.644,165.79,1,4,3
593.539,165.98,2,2,2
603.918,165.98,2,2,1
645.9780000000001,166.07,2,2,0
660.5269999999999,166.06,0,0,1
609.429,165.84,0,1,0
630.764,164.83,0,0,0
598.299,201.45,0,0,0
598.346,204.9,0,0,0
533.488,205.1,0,0,0
501.06300000000005,202.85,0,0,0
533.461,198.71,0,0,0
468.587,198.35,0,0,0
436.162,198.14,0,0,0
403.73699999999997,201.58,0,0,0
403.728,347.92,0,0,0
403.728,381.69,0,0,0
403.711,380.54,0,1,0
371.311,379.69,0,0,0
371.361,378.75,0,0,0
371.32800000000003,380.0,0,0,0
371.403,383.7,0,0,0
371.461,201.88,0,0,0
403.909,163.88,0,0,0
436.341,164.25,0,0,0
436.374,164.3,0,0,0
436.398,161.32,0,0,0
482.668,161.01,0,0,0
528.123,160.9,0,0,0
553.8330000000001,160.87,0,0,0
597.992,160.88,0,0,0
638.261,195.68,0,0,0
675.155,200.43,0,0,0
669.0010000000001,200.48,0,0,0
627.286,200.72,0,0,0
543.68,200.72,0,0,0
551.423,200.85,0,0,0
525.6519999999999,201.09,0,0,0
493.76300000000003,201.09,0,0,0
420.981,369.69,0,0,0
422.231,403.55,0,0,0
422.665,403.44,0,0,0
372.41,405.25,0,0,0
372.49300000000005,406.7,0,0,0
300.851,407.05,0,0,0
378.98900000000003,407.91,0,0,0
319.847,201.45,0,0,0
361.819,162.3,0,0,0
348.225,162.11,0,0,0
379.905,162.43,0,0,0
455.746,161.97,0,0,0
419.50300000000004,162.38,0,0,0
613.8380000000001,162.16,0,0,0
607.39,162.29,0,0,0
752.814,162.46,0,0,0
630.596,185.86,0,0,0
653.702,185.63,0,0,0
512.993,186.11,0,0,0
536.1080000000001,209.52,0,0,0
403.43,293.1,0,0,0
416.79900000000004,293.3,0,0,0
344.249,293.1,0,0,0
309.763,292.9,0,0,0
309.884,293.3,0,0,0
223.447,293.05,0,0,0
192.486,294.05,0,0,0
229.046,297.3,0,0,0
232.669,297.4,0,0,0
222.93400000000003,297.05,0,0,0
214.283,180.04,0,0,0
255.90900000000002,164.61,0,0,0
274.506,162.77,0,0,0
255.96,162.16,0,0,0
280.619,161.91,0,0,0
299.434,161.85,0,0,0
328.55800000000005,161.78,0,0,0
301.014,162.04,0,0,0
350.199,162.01,0,0,0
361.655,161.89,0,0,0
373.546,227.97,0,0,0
361.038,268.65,0,0,0
286.332,269.57,0,0,0
431.68300000000005,269.93,0,0,0
397.48800000000006,270.36,0,0,0
347.681,270.87,0,0,0
328.05300000000005,269.32,0,0,0
287.231,268.73,0,0,0
321.966,268.33,0,0,0
187.69299999999998,268.66,0,0,0
154.555,271.04,0,0,0
215.688,271.0,0,0,0
170.408,270.84,0,0,0
291.368,271.15,0,0,0
224.31900000000002,174.95,0,0,0
218.34799999999998,163.13,0,0,0
263.715,163.5,0,0,0
294.05,163.36,0,0,0
429.639,163.5,0,0,0
371.096,163.14,0,0,0
395.246,163.0,0,0,0
420.866,162.95,0,0,1
307.764,184.7,0,0,0
337.69800000000004,163.28,0,0,0
257.198,163.97,0,0,0
237.50099999999998,163.88,0,0,0
320.281,164.24,0,0,0
288.373,164.19,0,0,0
408.135,164.19,0,0,0
352.539,163.77,0,0,0
345.82599999999996,164.64,0,0,0
345.981,164.0,0,0,0
327.968,164.22,0,0,0
301.813,164.31,0,0,0
223.375,164.58,0,0,0
244.828,161.38,0,0,0
194.855,163.43,0,0,0
268.54200000000003,163.38,0,0,0
175.857,163.6,0,0,0
175.28099999999998,163.32,0,0,0
274.685,163.27,0,0,0
248.21599999999998,163.52,0,0,0
279.82099999999997,163.72,0,0,0
201.72,163.88,0,0,0
194.31400000000002,163.7,0,0,0
324.159,163.38,0,0,0
207.304,163.79,0,0,0
205.917,163.7,0,0,0
220.39,163.01,0,0,0
179.18099999999998,163.1,0,0,0
303.009,163.4,0,0,0
222.61900000000003,163.75,0,0,0
213.38099999999997,163.98,0,0,0
216.43099999999998,251.46,0,0,0
193.165,266.59,0,0,0
241.41400000000002,266.33,0,0,0
168.808,266.41,0,0,0
99.925,266.31,0,0,0
174.34400000000002,266.25,0,0,0
195.438,266.93,0,0,0
153.738,267.6,0,0,0
225.093,267.63,0,0,0
142.313,196.75,0,0,0
247.55200000000002,187.98,1,0,0
234.37599999999998,188.47,2,0,0
230.25,188.37,0,0,0
301.42400000000004,187.92,0,2,0
256.999,188.26,2,0,1
343.62800000000004,188.64,0,0,1
349.009,239.74,0,0,0
365.05400000000003,429.35,0,0,0
390.36699999999996,430.2,0,0,1
399.542,429.45,0,0,0
347.67,432.0,2,0,0
468.983,433.75,0,2,1
451.157,432.8,0,0,0
477.38599999999997,379.15,0,0,1
411.4,378.17,0,0,1
421.64599999999996,377.84,2,0,1
368.096,631.42,0,2,0
329.68199999999996,656.4,0,0,1
303.135,656.1,0,0,0
262.60400000000004,661.55,0,0,0
316.16700000000003,662.25,0,0,0
363.574,662.55,0,0,0
484.37800000000004,665.0,0,0,0
417.194,574.49,0,0,0
477.214,557.45,0,0,0
484.42199999999997,558.8,0,0,0
585.486,558.35,0,0,3
565.137,559.85,0,0,7
647.415,560.1,0,0,1
681.8939999999999,555.2,0,0,1
747.113,643.51,0,1,0
836.6619999999999,694.34,0,0,1
767.69,692.23,0,0,0
762.51,692.59,0,0,0
722.666,690.35,0,0,0
777.3739999999999,716.36,0,0,0
783.306,722.68,0,0,0
722.502,721.39,0,0,0
761.671,722.39,0,0,0
809.502,726.6,0,0,0
841.687,594.92,0,0,3
827.316,579.91,0,0,0
820.783,582.58,0,0,0
787.24,581.83,0,0,0
795.005,582.77,0,0,0
838.0889999999999,577.38,0,0,0
849.834,575.5,0,0,0
859.908,712.15,0,0,4
874.127,725.8,0,0,23
1000.462,724.6,0,0,9
1024.535,722.42,4,6,4
1040.59,721.93,6,30,0
1061.671,722.93,56,6,1
1100.0339999999999,723.78,10,4,1
1189.917,725.65,8,5,1
1221.282,728.63,2,0,1
1331.015,755.21,0,0,0
1426.0870000000002,757.03,0,0,0
1591.226,757.31,0,0,0
1891.485,758.84,0,0,0
1951.1029999999998,758.22,0,0,0
2227.5,759.66,0,0,0
2384.871,758.74,0,0,0
2598.666,761.49,0,0,0
2786.908,760.68,0,0,0
2788.42,761.78,0,0,0
2955.052,762.45,0,0,0
3015.216,865.32,0,0,0
3053.377,1079.3,0,0,0
3009.3259999999996,1161.58,0,0,0
2950.566,1124.43,0,0,0
2879.072,1309.84,0,0,0
2770.3179999999998,1316.54,0,0,0
2619.877,1186.28,0,0,0
2486.5589999999997,1021.01,0,0,0
2361.495,1100.17,0,0,0
2212.3520000000003,1225.75,0,0,0
2128.28,1446.67,0,0,0
2131.6020000000003,1467.18,0,0,0
2076.3,1463.66,0,0,0
2087.946,1455.27,0,0,0
2098.4429999999998,1334.26,0,0,0
2102.473,1334.72,0,0,0
2191.939,1334.21,0,0,0
2090.644,1332.78,0,0,0
2085.612,1332.57,0,0,0
2100.459,1302.2,0,0,0
2141.4539999999997,1160.2,0,0,0
2098.393,978.39,0,0,0
2114.001,976.25,0,0,0
2152.489,953.71,0,0,0
2191.228,952.35,0,0,0
2124.302,949.7,0,0,0
2056.689,845.16,0,0,0
2115.029,818.16,0,0,0
1952.134,877.79,0,0,0
1932.2939999999999,949.91,0,0,0
1876.088,967.76,0,0,0
1838.64,967.15,0,0,0
1735.389,964.04,0,0,0
1686.0720000000001,964.26,0,0,0
1605.865,838.31,0,0,0
1540.192,824.49,0,0,0
1415.984,944.65,0,0,0
1484.694,915.85,0,0,0
1430.515,761.65,0,0,0
1330.7939999999999,759.85,0,0,0
1400.513,693.35,0,0,0
1308.243,586.15,0,0,0
1263.838,583.19,0,0,0
1247.67,587.96,0,0,0
1308.838,635.6,0,0,0
1277.9489999999998,634.1,0,0,0
1240.97,658.09,0,0,0
1271.899,745.75,0,0,0
1310.258,745.7,0,0,0
1210.415,751.16,0,0,0
1028.156,755.65,0,0,0
1183.758,758.51,0,0,0
1113.5819999999999,663.53,0,0,0
1060.2269999999999,556.95,0,0,0
1050.243,557.3,0,0,0
977.1260000000001,463.82,0,0,0
1075.492,555.25,0,0,0
927.2230000000001,554.3,0,0,0
859.503,553.3,0,0,0
874.9630000000001,554.8,0,0,0
848.768,554.95,0,0,0
948.42,555.3,0,0,0
833.179,556.2,0,0,0
869.676,561.71,0,0,0
973.79,372.44,0,0,0
1019.7769999999999,331.65,0,0,0
895.829,328.8,0,0,0
753.643,327.07,0,0,0
891.212,326.75,0,0,0
786.558,621.67,0,0,0
739.683,580.13,0,0,0
568.687,466.69,0,0,0
737.49,405.28,0,0,0
724.8380000000001,406.27,0,0,0
504.027,408.28,0,0,0
554.474,409.19,0,0,0
512.641,372.75,0,0,0
616.989,329.4,0,0,0
426.29400000000004,330.7,0,0,0
569.312,329.9,0,0,0
700.6339999999999,330.7,0,0,0
563.8330000000001,330.2,0,0,0
592.061,330.75,0,0,0
553.927,330.17,0,0,0
624.596,330.41,0,0,0
404.653,378.65,0,0,0
425.42900000000003,381.85,0,0,0
461.796,381.13,0,0,0
451.63599999999997,380.02,0,0,0
378.602,381.49,0,0,0
404.13,381.25,0,0,0
399.17699999999996,380.95,0,0,0
348.999,373.7,0,0,0
351.93300000000005,375.92,0,0,0
311.617,376.06,0,0,0
311.97,376.36,0,0,0
271.506,376.24,0,0,0
314.316,375.0,0,0,0
314.66700000000003,375.95,0,0,0
272.905,378.0,0,0,0
345.167,325.71,0,0,0
451.69699999999995,271.77,0,0,0
121.21799999999999,271.4,0,0,0
173.609,271.64,0,0,0
201.15599999999998,271.38,0,0,0
221.87599999999998,271.23,0,0,0
320.664,270.75,0,0,0
345.915,270.95,0,0,0
392.35699999999997,272.13,0,0,0
295.517,271.91,0,0,0
265.029,214.76,0,0,0
281.159,217.35,0,0,0
315.313,208.35,0,0,0
184.576,184.0,0,0,0
181.963,184.75,0,0,0
186.19400000000002,184.95,0,0,0
65.078,163.19,0,0,0
111.65100000000001,160.66,0,0,0
39.82,206.86,0,0,0
117.01700000000001,375.73,0,0,0
48.815,376.51,0,0,0
86.191,376.51,0,0,0
62.861999999999995,376.41,0,0,0
111.655,374.73,0,0,0
107.37200000000001,352.94,0,0,0
62.645,191.95,0,0,0
65.725,192.43,0,0,0
187.65099999999998,192.43,0,0,0
242.158,189.9,0,0,0
67.571,189.43,0,0,0
101.197,189.51,0,0,0
121.15899999999999,189.35,0,0,0
221.50799999999998,188.89,0,0,0
54.293,188.81,0,0,0
137.765,188.79,0,0,0
178.783,188.77,0,0,0
261.582,189.15,0,0,0
177.05599999999998,188.91,0,0,0
135.224,189.54,0,0,0
121.905,189.87,0,0,0
137.559,189.4,0,0,0
92.48299999999999,189.3,0,0,0
67.607,189.02,0,0,0
86.18700000000001,188.88,0,0,0
82.71799999999999,188.8,0,0,0
107.719,189.01,0,0,0
56.163999999999994,188.83,0,0,0
116.58,188.55,0,0,0
175.368,164.91,0,0,0
225.40400000000002,163.08,0,0,0
309.82599999999996,162.98,0,0,0
328.936,163.21,0,0,0
356.536,163.03,0,0,0
347.718,162.98,0,0,0
229.202,162.8,0,0,0
298.545,163.34,0,0,0
277.491,163.17,0,0,0
262.52299999999997,185.67,0,0,0
247.081,187.83,0,0,0
281.204,188.04,0,0,0
366.939,187.95,0,0,0
300.468,188.47,0,0,0
287.336,188.18,0,0,0
281.756,188.36,0,0,0
309.276,188.28,0,0,0
328.815,187.89,0,0,0
204.44400000000002,188.03,0,0,0
158.616,187.8,0,0,0
176.891,187.57,0,0,0
167.53599999999997,187.45,0,0,0
149.356,187.36,0,0,0
118.79299999999999,188.04,0,0,0
200.984,164.37,0,0,0
148.424,162.39,0,0,0
261.67,162.07,0,0,0
179.158,162.44,0,0,0
320.21,162.25,0,0,0
192.68200000000002,162.53,0,0,0
164.99900000000002,162.3,0,0,0
381.98900000000003,162.21,0,0,0
116.443,162.39,0,0,0
190.24599999999998,162.25,0,0,0
20.18,266.09,0,0,0
41.516999999999996,329.0,0,0,0
124.064,234.42,0,0,0
18.755,203.3,0,0,0
34.919000000000004,203.4,0,0,0
36.823,158.93,0,0,0
30.43,67.76,0,0,0
34.914,67.72,0,0,0
31.76,99.28,0,0,0
26.98,270.73,0,0,0
83.93299999999999,272.58,0,0,0
110.49600000000001,275.01,0,0,0
135.567,183.09,0,0,0
231.25,162.81,0,0,0
269.652,162.53,0,0,0
350.722,162.76,0,2,2
224.748,162.76,0,0,0
314.894,162.62,0,0,1
373.72900000000004,163.18,0,2,6
404.57199999999995,163.21,6,6,3
422.055,163.2,10,12,19
631.37,161.13,18,20,4
653.444,162.36,28,20,6
817.0,162.67,2,5,10
1164.642,182.25,0,0,7
1377.39,187.07,2,0,4
1726.979,390.81,2,2,1
1832.634,549.41,0,0,0
2098.452,748.62,0,0,0
2142.131,753.03,0,0,0
2059.095,754.9,0,0,0
2041.825,753.6,0,0,0
1959.616,753.6,0,0,0
1955.844,759.98,1,0,0
1956.608,751.88,0,0,0
1975.0529999999999,746.93,0,0,0
1959.7179999999998,747.49,0,0,0
2113.926,748.05,0,0,0
2239.695,863.17,0,0,0
2295.192,788.9,0,0,0
2402.953,895.98,0,0,0
2405.314,887.63,0,0,0
2479.676,887.69,0,0,0
2455.895,817.42,0,0,0
2150.854,808.72,0,0,0
2091.674,781.37,0,0,0
1970.204,781.7,0,0,0
1851.4129999999998,782.01,0,0,0
1734.465,776.78,0,0,0
1574.05,778.36,0,0,0
1657.625,777.29,0,0,0
1524.717,778.35,0,0,0
1488.1789999999999,748.16,0,0,0
1488.55,744.41,0,0,0
1459.1070000000002,749.25,0,0,0
1366.906,749.02,0,0,0
1371.852,665.54,0,0,0
1344.5720000000001,633.21,0,0,0
1317.4479999999999,729.17,0,0,0
1258.0819999999999,557.3,0,0,0
1228.734,439.2,0,0,0
1230.432,435.65,0,0,0
1210.479,521.09,0,0,0
1261.499,531.25,0,0,0
1236.482,530.65,0,0,0
1344.135,532.35,0,0,0
1209.725,531.8,0,0,0
1290.8110000000001,530.85,0,0,0
1219.339,530.6,0,0,0
1051.29,531.75,0,0,0
1034.246,529.62,0,0,0
877.2,528.24,0,0,0
933.02,399.8,0,0,0
839.615,428.15,0,0,0
791.2810000000001,383.25,0,0,0
800.663,351.31,0,0,0
702.8589999999999,188.09,0,0,0
677.327,187.62,0,0,0
647.611,188.9,0,0,0
582.26,189.13,0,0,0
618.487,273.09,0,4,0
662.3989999999999,657.7,0,1,0
658.6519999999999,661.6,0,0,0
681.785,476.78,0,0,0
593.039,434.85,0,0,0
619.151,435.75,0,0,0
497.793,376.2,0,0,0
627.4019999999999,330.27,0,0,0
653.8580000000001,331.25,0,0,0
606.404,331.34,0,0,1
776.043,329.92,3,0,0
696.164,330.27,2,0,0
661.398,330.46,0,0,0
461.715,329.92,0,1,0
450.548,329.96,0,0,1
439.485,349.25,0,2,0
433.79699999999997,353.05,0,0,0
448.17400000000004,352.65,0,0,0
769.1260000000001,352.65,0,0,0
736.933,352.7,0,2,0
796.942,354.05,0,0,0
839.42,355.7,0,0,0
801.1439999999999,355.65,0,0,0
746.972,258.79,0,0,0
683.2239999999999,190.16,0,0,0
705.33,396.75,0,0,2
694.23,431.3,0,0,0
713.37,362.64,0,2,0
670.528,350.69,0,0,0
809.87,352.16,0,0,0
688.668,341.68,0,0,0
740.3380000000001,330.17,0,0,0
715.7510000000001,331.25,0,0,0
731.044,331.67,0,0,0
740.0419999999999,332.26,0,0,0
697.432,328.17,0,0,0
716.307,550.95,0,2,0
735.77,602.64,0,0,9
761.3660000000001,604.53,0,2,13
697.1260000000001,409.31,0,19,4
825.252,329.13,8,8,5
746.2510000000001,327.22,2,4,1
812.1060000000001,444.66,2,0,1
887.3969999999999,608.08,0,0,0
870.0980000000001,607.92,0,0,0
1040.0819999999999,613.19,0,0,0
997.7860000000001,613.04,0,0,0
1189.498,554.23,0,0,0
1210.422,556.74,0,0,0
1281.364,557.22,0,0,0
1394.477,555.63,0,0,0
1392.763,557.35,0,0,0
1532.864,555.28,0,0,0
1663.636,557.09,0,0,0
1771.21,556.7,0,0,0
1787.006,556.75,0,0,0
1858.9560000000001,546.45,0,0,0
1910.382,435.6,0,0,0
1878.865,435.3,0,0,0
1829.8470000000002,435.65,0,0,0
1765.005,629.2,0,0,0
1732.612,757.98,0,0,0
1683.396,760.62,0,0,0
1633.3110000000001,760.2,0,0,0
1597.6979999999999,758.83,0,0,0
1467.432,759.36,0,0,0
1443.93,758.54,0,0,0
1370.84,759.08,0,0,0
1308.231,759.1,0,0,0
1297.522,756.14,0,0,0
1182.6760000000002,1158.13,0,0,0
1234.2830000000001,1287.73,0,0,0
1195.9589999999998,1308.37,0,0,0
1230.539,1386.25,0,0,0
1184.37,1414.48,0,0,0
1191.1680000000001,1262.41,0,0,0
1256.337,1297.47,0,0,0
1302.566,1525.82,0,0,0
1290.366,1558.13,0,0,0
1328.858,1349.35,0,0,0
1421.9779999999998,1330.81,0,0,0
1480.533,1332.7,0,0,0
1586.701,1430.48,0,0,0
1643.994,1472.21,0,0,0
1753.5220000000002,1255.82,0,0,0
1846.2420000000002,1256.75,0,0,0
1953.721,1327.54,0,0,0
2052.9539999999997,1311.17,0,0,0
2053.9410000000003,1044.61,0,0,0
2076.308,1042.39,0,0,0
2150.041,1080.01,0,0,0
2132.25,1255.57,0,0,0
2054.091,1254.84,0,0,0
1999.026,1254.03,0,0,0
2068.935,1036.48,0,0,0
1891.386,927.85,0,0,0
1845.63,894.17,0,0,0
1803.695,982.16,0,0,0
1708.0870000000002,1029.75,0,0,0
1578.934,993.32,0,0,0
1612.616,965.15,0,0,0
1613.509,964.6,0,0,0
1718.306,963.87,0,0,0
1711.7720000000002,924.35,0,0,0
1789.4820000000002,896.22,0,0,0
1843.906,777.96,0,0,0
1734.2079999999999,757.7,0,0,0
1843.88,756.8,0,0,0
1700.31,757.45,0,0,0
1515.09,757.22,0,0,0
1667.7920000000001,756.52,0,0,0
1517.7160000000001,755.05,0,0,0
1410.5970000000002,755.47,0,0,0
1256.41,755.41,0,0,0
1278.382,754.62,0,0,0
1349.963,754.94,0,0,0
991.54,754.92,0,0,0
1189.805,754.75,0,0,0
1027.774,737.15,0,0,1
1086.493,615.73,0,0,0
1017.3960000000001,614.49,0,0,0
998.497,614.41,0,0,0
1022.596,613.91,0,24,0
924.5830000000001,613.45,2,0,0
1064.367,613.15,0,0,0
1254.379,614.84,0,0,0
989.034,452.03,0,0,0
1030.5330000000001,411.2,0,0,0
1224.339,411.15,0,0,0
1274.441,410.1,0,0,0
1237.06,407.78,0,0,0
1112.003,407.45,0,0,0
1070.9569999999999,406.95,0,0,0
1182.767,405.24,0,0,0
1234.129,400.65,0,0,0
1079.6960000000001,625.75,0,0,0
1026.1680000000001,655.5,0,0,0
949.137,658.65,0,0,0
1209.9589999999998,557.5,0,0,0
943.3860000000001,549.2,0,0,0
720.8689999999999,548.8,0,0,0
736.3839999999999,549.65,0,0,0
730.73,549.35,0,0,0
663.687,527.0,0,0,0
570.388,524.45,0,0,0
691.278,524.0,0,0,0
671.4169999999999,524.9,0,0,0
677.6339999999999,525.05,0,0,0
650.855,524.45,0,0,0
690.9630000000001,523.3,0,0,0
760.931,410.96,0,0,0
611.729,378.97,0,0,0
654.844,379.21,0,0,0
641.144,378.55,0,0,0
704.127,379.6,0,0,0
660.632,377.8,0,0,0
518.293,377.4,0,0,0
739.533,376.95,0,0,0
653.58,383.3,0,0,0
561.587,252.01,0,0,0
564.227,213.85,0,0,0
553.571,212.2,0,0,0
611.081,171.36,0,0,0
424.298,79.05,0,0,0
458.283,79.45,0,0,0
476.566,79.3,0,0,0
469.24800000000005,79.55,0,0,0
450.11199999999997,405.68,0,0,0
398.648,457.82,0,0,0
422.66,457.87,0,0,0
428.559,461.6,0,0,0
448.06199999999995,464.78,0,0,0
398.759,463.84,0,0,0
436.536,466.15,0,0,3
487.26199999999994,344.43,0,0,4
562.273,330.19,2,0,6
578.469,329.65,6,0,12
749.672,329.5,0,0,1
924.2230000000001,330.25,2,0,0
1124.681,329.81,2,8,1
1343.855,329.81,8,6,0
1559.0529999999999,330.57,6,6,0
1819.59,330.17,4,4,0
1979.2120000000002,422.2,0,0,0
2072.7329999999997,433.05,4,2,0
2076.107,432.1,0,0,0
2094.431,432.6,0,0,0
2056.391,432.75,0,0,0
2013.4360000000001,432.95,0,0,0
1844.3139999999999,434.25,0,0,0
1773.121,434.2,0,0,0
1663.26,362.7,0,0,0
1580.675,357.2,0,0,0
1484.203,357.53,0,1,0
1356.026,376.15,0,0,0
1351.0220000000002,493.49,0,0,0
1269.944,493.79,0,0,0
1292.2069999999999,494.36,0,0,0
1230.858,373.9,0,0,0
1220.387,353.18,0,0,0
1348.016,354.74,0,0,0
1268.076,353.87,0,0,0
1304.011,354.24,0,0,0
1331.043,354.22,0,0,2
1198.445,353.92,0,0,2
1145.563,354.44,1,0,0
1093.235,353.46,0,0,0
1026.897,402.36,0,0,0
930.904,424.15,0,0,2
895.528,433.9,0,0,0
962.6239999999999,411.7,0,0,0
961.258,409.5,4,0,7
848.422,407.86,8,0,1
932.424,409.7,0,0,1
914.2739999999999,537.47,0,0,0
871.315,607.25,0,0,0
873.928,608.45,0,0,0
862.314,609.17,0,0,0
821.7180000000001,611.66,0,0,0
803.245,583.31,0,0,0
837.461,440.25,0,0,0
794.1389999999999,440.65,0,0,0
809.9639999999999,553.16,0,0,0
732.165,560.9,0,0,0
1008.3510000000001,560.54,0,0,0
890.952,563.06,0,0,0
909.612,561.56,0,0,0
1058.4080000000001,563.16,0,0,0
986.0210000000001,562.61,0,0,1
1153.125,561.53,0,0,0
838.1060000000001,562.62,0,0,0
1002.461,560.94,0,0,0
977.788,561.06,0,0,0
839.8,542.09,0,0,0
918.8639999999999,440.0,0,0,0
781.096,438.8,0,0,0
839.578,438.0,0,0,0
804.085,437.85,0,0,0
780.203,437.75,0,0,1
794.44,395.73,0,0,0
790.822,389.55,2,0,1
827.1310000000001,386.2,2,1,0
812.7389999999999,386.27,0,0,0
768.637,382.46,0,0,0
927.128,380.4,0,0,0
977.738,381.43,0,0,0
940.539,448.7,0,0,0
924.795,516.95,0,0,0
982.482,524.15,0,0,0
1054.664,527.4,0,0,1
936.7310000000001,526.15,0,0,1
877.1410000000001,526.95,0,0,0
926.21,525.9,0,0,0
952.443,526.7,0,0,0
929.909,526.7,0,0,0
891.0369999999999,389.65,0,1,0
876.159,356.51,0,0,0
820.395,439.96,0,0,0
841.334,562.32,0,0,0
791.192,563.1,0,0,0
822.493,563.75,0,0,0
817.041,562.26,0,0,0
821.6210000000001,562.47,0,0,0
843.8689999999999,527.25,0,0,0
857.561,439.2,0,0,0
862.377,524.35,0,0,0
847.377,525.1,0,0,0
854.372,529.4,0,0,0
857.342,531.65,0,0,0
850.13,529.6,0,0,0
861.0889999999999,412.72,1,0,0
878.3989999999999,380.08,0,0,0
871.663,382.27,0,0,1
890.137,383.29,0,0,1
880.8580000000001,382.51,0,0,1
944.039,381.44,2,0,0
818.805,380.1,0,0,0
905.8539999999999,377.36,0,0,0
913.682,568.5,0,0,0
903.278,601.92,0,1,0
907.0930000000001,604.71,2,4,0
791.492,603.91,2,0,0
971.2180000000001,601.38,2,2,0
719.824,633.85,0,0,0
660.245,637.6,0,0,1
589.151,636.85,2,0,1
520.748,636.05,4,2,1
695.197,723.32,8,4,1
574.738,730.17,6,0,3
731.012,729.46,6,1,2
787.765,729.36,4,0,0
878.433,733.56,0,2,0
945.0880000000001,738.3,0,0,0
908.1060000000001,693.43,2,0,1
930.6160000000001,457.98,2,0,0
997.613,440.5,0,0,1
1005.1030000000001,400.51,0,0,0
1012.7310000000001,851.54,0,0,0
1092.424,886.89,0,0,0
1115.047,809.88,0,0,0
1152.254,707.11,0,0,0
1241.79,799.4,0,1,0
1330.195,814.74,0,0,0
1278.749,887.71,0,0,0
1328.595,895.36,0,0,0
1328.895,897.67,0,0,0
1437.9029999999998,1022.4,0,0,0
1374.415,1258.2,0,0,0
1335.237,1324.75,0,0,0
1434.183,1329.56,0,0,0
1454.4579999999999,1429.14,0,0,0
1447.737,1598.57,0,0,0
1398.749,1595.14,0,0,0
1506.87,1599.59,0,0,0
1536.069,1599.72,0,0,0
1546.364,1429.97,0,0,0
1480.854,1404.26,0,0,0
1633.911,1603.49,0,0,0
1635.786,1597.36,0,0,0
1688.015,1428.35,0,0,0
1854.513,1402.6,0,0,0
2010.636,1519.09,0,0,0
2193.203,1483.54,0,0,0
2250.36,1313.47,0,0,0
2324.093,1269.01,0,0,0
2434.964,1336.1,0,0,0
2392.448,1330.49,0,0,0
2404.1620000000003,1203.77,0,0,0
2460.46,1189.34,0,0,0
2330.334,1300.87,0,0,0
2454.114,1329.08,0,0,0
2358.297,1329.7,0,0,0
2399.311,1220.67,0,0,0
2290.597,1196.53,0,0,0
2197.393,1194.65,0,0,0
2305.117,1194.8,0,0,0
2131.23,1193.72,0,0,0
2200.9320000000002,1193.79,0,0,0
1860.807,1192.88,0,0,0
2114.496,1103.54,0,0,0
1931.785,1054.49,0,0,0
1908.068,1012.51,0,0,0
1911.906,1009.83,0,0,0
1817.844,1103.66,0,0,0
2008.352,1060.8,0,0,0
1773.079,947.55,0,0,0
1908.3139999999999,803.6,0,0,0
1828.45,847.12,0,0,0
1769.521,1090.45,0,0,0
1715.477,887.59,0,0,0
1739.12,789.83,0,0,0
1664.18,787.22,0,0,0
1678.721,799.88,0,0,0
1392.908,824.48,0,0,0
1577.0339999999999,786.65,0,0,0
1541.868,782.25,0,0,0
1452.692,782.77,0,0,0
1413.78,782.6,0,0,0
1321.033,782.65,0,0,0
1529.4560000000001,782.12,0,0,0
1220.914,774.58,0,0,0
1161.649,752.51,0,0,0
1153.873,753.77,0,0,0
1143.063,753.14,0,0,0
1183.873,752.09,0,0,0
1089.386,752.39,0,0,0
1224.02,681.47,0,0,0
1157.17,667.48,0,0,0
1223.21,667.78,0,0,0
1215.732,667.94,0,0,0
1121.123,666.44,0,0,0
1201.892,667.08,0,0,0
1148.847,668.08,0,0,0
1242.752,666.65,0,0,0
1105.252,668.97,0,0,0
1035.27,668.16,0,0,0
1019.684,664.52,0,0,0
1002.297,664.6,0,0,0
963.7560000000001,664.52,0,0,0
863.9810000000001,664.46,0,0,0
941.34,664.54,0,0,0
910.855,663.96,0,0,0
826.758,663.79,0,0,0
761.938,666.28,0,0,0
800.138,666.83,0,0,0
777.818,670.2,0,0,0
628.285,676.06,0,0,0
685.457,677.16,0,0,0
798.827,564.54,0,0,0
813.055,384.43,0,0,0
886.587,403.43,0,0,0
863.0939999999999,407.4,0,0,0
939.551,407.85,0,0,0
933.7280000000001,408.1,0,0,0
971.7310000000001,408.2,0,0,0
967.813,407.4,0,0,0
776.804,408.7,0,0,0
856.003,404.4,0,0,0
800.05,402.69,0,0,0
679.591,417.7,0,0,0
654.015,418.35,0,0,0
527.742,419.6,0,0,0
612.501,418.5,0,0,0
499.939,419.4,0,0,0
480.224,465.88,0,0,0
483.069,600.43,0,0,0
342.63199999999995,599.31,0,0,0
461.222,599.91,0,0,0
447.5,601.35,0,0,0
448.585,600.4,0,0,0
440.959,607.82,0,0,0
482.724,608.27,0,0,0
570.172,611.03,0,0,0
510.335,611.96,0,0,0
511.29400000000004,414.09,0,0,0
386.162,350.31,0,0,0
509.444,353.93,0,0,0
544.5269999999999,357.17,0,0,0
530.127,355.38,0,0,0
534.7230000000001,356.5,0,0,0
508.064,358.73,0,0,0
632.888,354.6,0,0,0
556.809,380.4,0,0,0
560.785,399.7,0,0,0
475.061,573.18,0,0,0
472.222,603.75,0,0,0
429.504,605.47,0,0,0
428.54900000000004,567.67,0,0,0
387.199,378.9,0,0,0
303.931,377.58,0,0,0
261.6,377.72,0,0,0
260.711,401.38,0,0,0
206.92700000000002,404.6,0,0,0
204.672,404.55,0,0,0
161.974,404.85,0,0,0
184.27900000000002,404.4,0,0,0
241.62900000000002,405.15,0,0,0
280.79900000000004,403.85,0,0,0
346.715,483.54,0,0,0
291.02,490.55,0,0,0
354.44300000000004,491.23,0,0,0
402.477,490.3,0,0,0
383.574,489.15,0,0,0
340.759,490.75,0,0,0
324.047,490.9,0,0,0
377.485,494.7,0,0,0
352.548,499.0,0,0,0
282.923,498.85,0,0,0
286.485,387.24,0,0,0
317.923,355.38,0,0,0
349.23,356.8,0,0,0
380.658,357.23,0,0,0
379.341,356.19,0,0,0
478.801,352.25,0,0,0
472.144,351.73,0,0,0
470.00699999999995,610.55,0,0,1
467.588,641.35,0,0,0
465.089,640.75,0,1,1
495.458,608.15,0,0,0
457.426,383.89,0,0,0
536.936,382.61,0,0,1
463.07800000000003,380.57,0,0,0
529.703,381.1,4,4,0
448.31199999999995,375.54,2,4,0
525.012,375.21,2,2,0
510.588,375.3,0,0,3
547.5509999999999,375.55,0,0,3
619.419,374.63,0,2,2
503.593,412.51,8,14,4
826.557,454.73,4,8,9
789.788,423.02,26,24,16
899.829,655.55,10,4,2
1004.998,663.1,0,0,5
1011.313,663.6,4,4,11
1504.9279999999999,666.2,4,2,21
1567.4,665.9,4,0,45
2069.9,667.2,6,2,1
2427.813,666.55,0,0,0
2588.775,666.6,0,0,0
3023.775,666.75,0,0,3
3059.3520000000003,667.75,0,2,5
3115.4770000000003,667.45,1,0,0
2845.796,666.4,0,0,1
2862.9320000000002,668.6,0,0,1
2868.639,669.35,0,0,0
2668.618,670.45,0,0,0
2599.85,742.35,0,0,0
2460.87,757.32,0,0,0
2505.845,759.73,0,0,1
2317.038,759.04,0,0,0
2222.755,758.4,0,0,5
2364.349,758.98,0,0,30
2119.931,759.07,1,0,0
2165.8360000000002,760.82,1,0,2
2194.599,639.03,0,0,3
2109.423,438.35,0,0,24
2387.541,435.55,2,4,4
2735.04,434.75,2,0,5
3562.303,432.5,0,6,4
4118.419,672.38,8,12,0
4573.168,718.8,8,12,4
5150.667,718.73,8,4,4
5503.953,721.26,4,8,3
5711.6630000000005,747.56,0,0,1
5737.956,750.25,14,0,0
5976.61,751.25,4,5,0
6070.236,756.06,8,4,0
6069.656,760.75,8,8,0
5943.6,650.39,2,4,0
5736.0869999999995,588.65,0,4,0
5517.2080000000005,498.31,6,12,0
5141.666,640.04,20,8,1
5006.891,753.35,22,6,0
4997.186,755.3,6,0,0
5086.611,756.76,0,0,0
5272.259,756.27,4,0,1
5405.815,755.59,2,0,0
5802.308000000001,757.14,2,3,0
6031.399,674.07,2,4,0
6130.503000000001,643.73,0,0,0
6215.866999999999,659.42,0,0,0
6118.963000000001,776.85,2,4,0
6112.507,863.15,4,2,0
5841.351,907.56,10,2,0
5678.615,1095.94,4,2,0
5641.703,1115.06,0,0,0
5392.098000000001,1252.3,0,0,0
5267.983,1600.33,0,0,0
4982.15,1898.01,0,0,0
4811.017,2055.43,1,1,0
4527.902,2384.71,0,0,0
4210.839,2770.74,0,0,0
4100.352,2908.0,0,0,0
4055.552,3105.17,0,0,0
3845.9640000000004,3553.55,0,0,0
3729.116,3644.73,0,0,0
3858.06,3570.75,0,0,0
3920.8340000000003,3594.19,0,0,0
4004.048,3742.26,0,0,0
3978.0809999999997,3746.6,0,0,0
4280.349,3885.96,0,0,0
4536.494000000001,4007.8,0,0,0
4604.893,3963.18,0,0,1
4883.615,3849.36,0,0,0
5063.6759999999995,3773.45,0,0,0
5184.486,3514.53,0,0,0
5243.764,3515.4,0,0,0
5337.715,3475.2,0,0,0
5611.786,3209.66,0,0,3
5727.194,3179.5,4,2,2
5786.745,3089.3,2,2,3
5892.715,2837.06,2,0,3
5871.16,2643.95,2,2,1
5592.453,2440.62,2,3,0
5284.325,2268.67,0,0,0
4917.907,2086.08,2,2,0
4660.0,2160.82,0,0,1
4444.115,2172.39,2,2,0
4213.906,2181.24,0,0,0
4104.96,2169.91,2,0,0
3812.633,2145.59,2,2,2
3788.298,2057.95,0,0,0
3539.7070000000003,2057.98,2,0,0
3265.639,2057.02,0,0,0
3079.2670000000003,2059.64,0,0,0
2987.61,2193.49,0,1,0
2930.515,2254.99,0,0,0
2713.6020000000003,2178.84,0,0,0
2611.3160000000003,2509.9,0,0,0
2633.217,2748.21,0,0,0
2651.698,2628.01,0,0,0
2625.745,2675.43,0,0,0
2586.518,2671.33,0,0,0
2546.515,2699.67,0,0,0
2608.029,2754.27,0,0,0
2535.187,2752.93,0,0,1
2514.197,2858.13,0,0,0
2547.9610000000002,2792.45,0,2,0
2577.7039999999997,2778.11,0,0,1
2659.612,2672.05,1,0,0
2691.152,2702.52,4,2,0
2773.578,2849.42,0,0,0
2804.472,2758.76,0,0,0
2784.097,2753.89,0,0,0
2815.0409999999997,2751.72,0,0,0
2794.6609999999996,2754.5,0,0,0
2722.595,2755.47,0,0,0
2752.8720000000003,2754.39,0,0,0
2732.631,2758.82,2,0,0
2712.132,2787.58,0,1,0
2742.9809999999998,3327.68,0,0,0
2608.505,3135.98,0,0,0
3035.7870000000003,2896.2,0,0,0
3109.292,3062.23,0,0,0
3389.97,3108.78,0,0,0
3572.28,3233.02,0,0,0
3808.605,3349.54,0,0,0
4162.65,3506.57,0,0,0
4009.885,3530.18,0,0,0
4162.548,3527.71,0,0,0
4157.33,3528.99,0,0,0
4249.913,3529.1,0,0,0
4194.971,3844.81,0,0,0
4225.659000000001,4139.38,0,0,0
4296.664000000001,4111.39,0,0,0
4433.556,4266.89,0,0,0
4190.457,4255.17,0,0,0
4009.235,4192.62,0,0,0
3919.1279999999997,4193.74,0,0,0
3791.512,4446.53,0,0,0
3616.33,4411.75,0,0,0
3432.092,4352.19,0,0,0
3588.462,4350.77,0,0,0
3737.4570000000003,4350.55,3,0,0
3840.945,4436.83,5,6,0
3999.134,4509.96,4,8,0
4119.288,4695.2,4,2,0
4157.528,4721.33,2,2,0
4290.7609999999995,4629.76,8,8,0
4373.675,4573.41,2,4,2
4456.39,4447.96,12,8,1
4487.178,4564.46,6,4,2
4614.613,4582.88,4,6,1
4819.729,4574.31,4,2,16
4924.5779999999995,4592.12,0,0,9
5143.157,4646.18,1,2,11
5302.5380000000005,4640.27,0,2,2
5515.434,4580.18,0,0,0
5730.565,4569.37,0,0,1
5896.805,4569.03,0,0,2
6168.165,4569.84,0,0,11
6535.98,4625.09,0,0,19
6970.302,4709.02,0,0,6
7461.266,4700.76,1,0,29
8063.613,4724.74,0,0,13
8684.733,4936.86,0,0,8
9314.648000000001,5025.91,0,0,40
9972.483,5053.03,0,1,17
10846.742,5159.15,0,0,14
11510.006000000001,5367.44,0,0,6
11952.025,5368.12,0,4,16
12400.642,5462.08,0,0,4
12850.3,5576.81,0,4,11
13293.952,5669.4,2,4,9
13400.315,5803.27,0,0,3
13419.103000000001,5801.78,0,6,8
13617.608999999999,5820.86,4,6,5
13579.271999999999,5933.88,2,8,16
13596.13,5975.56,2,2,11
13250.073,5955.19,4,3,1
12891.916000000001,5931.28,4,4,1
12618.128,5836.33,6,4,1
12058.98,5803.34,6,6,1
